year,month,Yield Amount,temp_min,temp_max
2017,7,220.7,244,300
2021,6,204.5,244,294
2017,7,186.8,244,300
2021,6,200.8,244,294
2017,7,156.9,244,300
2021,6,222.8,244,294
2017,7,202.6,244,300
2021,6,202.6,244,294
2017,7,216.4,244,300
2021,6,186.6,244,294
2017,7,193.9,244,300
2021,6,197.2,244,294
2017,7,156.3,244,300
2021,6,212.6,244,294
2017,7,241.8,244,300
2021,6,206.8,244,294
2017,7,174.5,244,300
2021,6,189.9,244,294
2017,7,204.5,244,300
2021,6,192.9,244,294
2017,7,149.1,244,300
2021,6,220.4,244,294
2017,7,235,244,300
2021,6,212.6,244,294
2017,7,199.5,244,300
2021,6,240.3,244,294
2017,7,236.8,244,300
2021,6,208.2,244,294
2017,7,192.7,244,300
2021,6,217.8,244,294
2017,7,192.6,244,300
2021,6,174.9,244,294
2017,7,189.7,244,300
2021,6,148.2,244,294
2017,7,227.2,244,300
2021,6,202.2,244,294
2017,7,182.7,244,300
2021,6,180.1,244,294
2017,7,154.5,244,300
2021,6,160.3,244,294
2017,7,230,244,300
2021,6,189.1,244,294
2017,7,143.8,244,300
2021,6,197.8,244,294
2017,7,221.9,244,300
2021,6,172.7,244,294
2017,7,170.1,244,300
2021,6,218.2,244,294
2017,7,148,244,300
2021,6,210.9,244,294
2017,7,190.3,244,300
2021,6,178.5,244,294
2017,7,220.8,244,300
2021,6,217.3,244,294
2017,7,229.5,244,300
2021,6,192.7,244,294
2017,7,211.5,244,300
2021,6,198.1,244,294
2017,7,220.8,244,300
2021,6,186.1,244,294
2017,7,204.8,244,300
2021,6,199,244,294
2017,7,194.8,244,300
2021,6,178.9,244,294
2017,7,239.5,244,300
2021,6,208.2,244,294
2017,7,216.7,244,300
2021,6,175.5,244,294
2017,7,165.4,244,300
2021,6,197,244,294
2017,7,213.9,244,300
2021,6,201.6,244,294
2017,7,233,244,300
2021,6,226.1,244,294
2017,7,140.1,244,300
2021,6,194.2,244,294
2017,7,186.7,244,300
2021,6,201,244,294
2017,7,193.5,244,300
2021,6,185.2,244,294
2017,7,224.1,244,300
2021,6,223.3,244,294
2017,7,227.9,244,300
2021,6,176.6,244,294
2017,7,161.7,244,300
2021,6,194.7,244,294
2017,7,232.4,244,300
2021,6,188.5,244,294
2017,7,227.2,244,300
2021,6,169.4,244,294
2017,7,216.5,244,300
2021,6,198.5,244,294
2017,7,213.1,244,300
2021,6,215.8,244,294
2017,7,161.1,244,300
2021,6,179.3,244,294
2017,7,225.1,244,300
2021,6,162.4,244,294
2017,7,148.1,244,300
2021,6,172.2,244,294
2017,7,235.8,244,300
2021,6,205.8,244,294
2017,7,218.8,244,300
2021,6,185.9,244,294
2017,7,209.3,244,300
2021,6,163.2,244,294
2017,7,205.1,244,300
2021,6,216.8,244,294
2017,7,195.3,244,300
2021,6,231.7,244,294
2017,7,182.8,244,300
2021,6,214,244,294
2017,7,170,244,300
2021,6,216.9,244,294
2017,7,171.4,244,300
2021,6,188.9,244,294
2017,7,197.9,244,300
2021,6,187.2,244,294
2017,7,233.7,244,300
2021,6,212,244,294
2017,7,232.1,244,300
2021,6,193.8,244,294
2017,7,222.2,244,300
2021,6,219.1,244,294
2017,7,175.2,244,300
2021,6,220.8,244,294
2017,7,218.3,244,300
2021,6,191.9,244,294
2017,7,196.5,244,300
2021,6,180.3,244,294
2017,7,191,244,300
2021,6,204.2,244,294
2017,7,210.6,244,300
2021,6,194.8,244,294
2017,7,154.6,244,300
2021,6,176.6,244,294
2017,7,212.1,244,300
2021,6,208,244,294
2017,7,170.9,244,300
2021,6,211.7,244,294
2017,7,169.5,244,300
2021,6,178.8,244,294
2017,7,170.5,244,300
2021,6,194.8,244,294
2017,7,208.8,244,300
2021,6,219.5,244,294
2017,7,212.7,244,300
2021,6,220.7,244,294
2017,7,216.9,244,300
2021,6,195,244,294
2017,7,191.3,244,300
2021,6,194.6,244,294
2017,7,185.8,244,300
2021,6,201.3,244,294
2017,7,174.8,244,300
2021,6,215.3,244,294
2017,7,213.6,244,300
2021,6,219.8,244,294
2017,7,155,244,300
2021,6,209.6,244,294
2017,7,193.9,244,300
2021,6,210.5,244,294
2017,7,220.1,244,300
2021,6,181.6,244,294
2017,7,213.7,244,300
2021,6,210.8,244,294
2017,7,202.5,244,300
2021,6,224.1,244,294
2017,7,235,244,300
2017,7,165.3,244,300
2017,7,234.8,244,300
2017,7,194.4,244,300
2017,7,173.9,244,300
2017,7,177.1,244,300
2017,7,139.1,244,300
2017,7,198.9,244,300
2012,9,149.7,244,283
2017,8,220.7,256,278
2016,8,237.3,250,256
2022,8,241,250,300
2014,9,222.2,256,283
2022,5,241,250,278
2022,8,241,244,289
2022,8,241,244,289
2022,8,241,244,300
2010,6,178.2,250,300
2020,6,201.2,244,289
2022,8,241,244,300
2011,7,184.6,244,300
2021,6,223.1,244,289
2010,6,178.2,244,294
2020,8,201.2,244,300
2020,6,201.2,244,289
2018,7,228.6,244,300
2020,6,201.2,244,300
2022,6,241,244,300
2015,6,204.4,244,294
2016,9,237.3,244,294
2020,8,167.7,244,289
2022,7,201.5,244,289
2023,7,192.8,244,294
2020,6,167.7,244,294
2012,7,171.8,250,300
2012,9,165.3,244,283
2017,8,186.8,256,278
2016,8,212.4,250,256
2022,8,216.5,250,300
2014,9,183.2,256,283
2022,5,216.5,250,278
2022,8,216.5,244,289
2022,8,216.5,244,289
2022,8,216.5,244,300
2010,6,175.4,250,300
2020,6,191.8,244,289
2022,8,216.5,244,300
2011,7,174.8,244,300
2021,6,195.9,244,289
2010,6,175.4,244,294
2020,8,191.8,244,300
2020,6,191.8,244,289
2018,7,198.4,244,300
2020,6,191.8,244,300
2022,6,216.5,244,300
2015,6,191,244,294
2016,9,212.4,244,294
2020,8,202,244,289
2022,7,207.1,244,289
2023,7,219.4,244,294
2020,6,202,244,294
2012,7,138,250,300
2012,9,145.7,244,283
2017,8,156.9,256,278
2016,8,193.1,250,256
2022,8,160.8,250,300
2014,9,164.5,256,283
2022,5,160.8,250,278
2022,8,160.8,244,289
2022,8,160.8,244,289
2022,8,160.8,244,300
2010,6,156.4,250,300
2020,6,159.7,244,289
2022,8,160.8,244,300
2011,7,160.5,244,300
2021,6,174.7,244,289
2010,6,156.4,244,294
2020,8,159.7,244,300
2020,6,159.7,244,289
2018,7,152.1,244,300
2020,6,159.7,244,300
2022,6,160.8,244,300
2015,6,154.2,244,294
2016,9,193.1,244,294
2020,8,202.3,244,289
2022,7,204.6,244,289
2023,7,222.5,244,294
2020,6,202.3,244,294
2012,7,176.6,250,300
2012,9,159.1,244,283
2017,8,202.6,256,278
2016,8,214.2,250,256
2022,8,201.5,250,300
2014,9,173.7,256,283
2022,5,201.5,250,278
2022,8,201.5,244,289
2022,8,201.5,244,289
2022,8,201.5,244,300
2010,6,175.5,250,300
2020,6,169.3,244,289
2022,8,201.5,244,300
2011,7,177.8,244,300
2021,6,180.5,244,289
2010,6,175.5,244,294
2020,8,169.3,244,300
2020,6,169.3,244,289
2018,7,185.1,244,300
2020,6,169.3,244,300
2022,6,201.5,244,300
2015,6,146.9,244,294
2016,9,214.2,244,294
2020,8,208.5,244,289
2022,7,199,244,289
2023,7,215.7,244,294
2020,6,208.5,244,294
2012,7,168.4,250,300
2012,9,155.6,244,283
2017,8,216.4,256,278
2016,8,147.2,250,256
2022,8,231.5,250,300
2014,9,193.7,256,283
2022,5,231.5,250,278
2022,8,231.5,244,289
2022,8,231.5,244,289
2022,8,231.5,244,300
2010,6,144.3,250,300
2020,6,192.4,244,289
2022,8,231.5,244,300
2011,7,177.1,244,300
2021,6,209.4,244,289
2010,6,144.3,244,294
2020,8,192.4,244,300
2020,6,192.4,244,289
2018,7,220.6,244,300
2020,6,192.4,244,300
2022,6,231.5,244,300
2015,6,199.5,244,294
2016,9,147.2,244,294
2020,8,189.2,244,289
2022,7,194.4,244,289
2023,7,207.6,244,294
2020,6,189.2,244,294
2012,7,164.2,250,300
2012,9,145.6,244,283
2017,8,193.9,256,278
2016,8,230.4,250,256
2022,8,187.9,250,300
2014,9,188,256,283
2022,5,187.9,250,278
2022,8,187.9,244,289
2022,8,187.9,244,289
2022,8,187.9,244,300
2010,6,142.3,250,300
2020,6,178.4,244,289
2022,8,187.9,244,300
2011,7,142.3,244,300
2021,6,193.9,244,289
2010,6,142.3,244,294
2020,8,178.4,244,300
2020,6,178.4,244,289
2018,7,174.2,244,300
2020,6,178.4,244,300
2022,6,187.9,244,300
2015,6,150.7,244,294
2016,9,230.4,244,294
2020,8,191.2,244,289
2022,7,185.1,244,289
2023,7,197.3,244,294
2020,6,191.2,244,294
2012,7,147.7,250,300
2012,9,177,244,283
2017,8,156.3,256,278
2016,8,154.4,250,256
2022,8,182.8,250,300
2014,9,183.3,256,283
2022,5,182.8,250,278
2022,8,182.8,244,289
2022,8,182.8,244,289
2022,8,182.8,244,300
2010,6,142.1,250,300
2020,6,162.5,244,289
2022,8,182.8,244,300
2011,7,155.4,244,300
2021,6,190.1,244,289
2010,6,142.1,244,294
2020,8,162.5,244,300
2020,6,162.5,244,289
2018,7,166.6,244,300
2020,6,162.5,244,300
2022,6,182.8,244,300
2015,6,148.9,244,294
2016,9,154.4,244,294
2020,8,217.1,244,289
2022,7,210.9,244,289
2023,7,223.2,244,294
2020,6,217.1,244,294
2012,9,139.4,244,283
2017,8,241.8,256,278
2016,8,208,250,256
2022,8,187.9,250,300
2014,9,177.9,256,283
2022,5,187.9,250,278
2022,8,187.9,244,289
2022,8,187.9,244,289
2022,8,187.9,244,300
2010,6,155.1,250,300
2020,6,179.3,244,289
2022,8,187.9,244,300
2011,7,179.3,244,300
2021,6,217.9,244,289
2010,6,155.1,244,294
2020,8,179.3,244,300
2020,6,179.3,244,289
2018,7,173.2,244,300
2020,6,179.3,244,300
2022,6,187.9,244,300
2015,6,210.4,244,294
2016,9,208,244,294
2020,8,179.5,244,289
2022,7,209,244,289
2023,7,220.5,244,294
2020,6,179.5,244,294
2012,9,158.9,244,283
2017,8,174.5,256,278
2016,8,233.8,250,256
2022,8,238.6,250,300
2014,9,216.1,256,283
2022,5,238.6,250,278
2022,8,238.6,244,289
2022,8,238.6,244,289
2022,8,238.6,244,300
2010,6,147.8,250,300
2020,6,205.5,244,289
2022,8,238.6,244,300
2011,7,179.5,244,300
2021,6,196.2,244,289
2010,6,147.8,244,294
2020,8,205.5,244,300
2020,6,205.5,244,289
2018,7,236.8,244,300
2020,6,205.5,244,300
2022,6,238.6,244,300
2015,6,157.8,244,294
2016,9,233.8,244,294
2020,8,180.9,244,289
2022,7,193.7,244,289
2023,7,194.4,244,294
2020,6,180.9,244,294
2012,9,137.8,244,283
2017,8,204.5,256,278
2016,8,222.6,250,256
2022,8,189.3,250,300
2014,9,181.3,256,283
2022,5,189.3,250,278
2022,8,189.3,244,289
2022,8,189.3,244,289
2022,8,189.3,244,300
2010,6,169.1,250,300
2020,6,184.4,244,289
2022,8,189.3,244,300
2011,7,185.1,244,300
2021,6,198.2,244,289
2010,6,169.1,244,294
2020,8,184.4,244,300
2020,6,184.4,244,289
2018,7,162,244,300
2020,6,184.4,244,300
2022,6,189.3,244,300
2015,6,179.7,244,294
2016,9,222.6,244,294
2020,8,195.2,244,289
2022,7,194.2,244,289
2023,7,210.7,244,294
2020,6,195.2,244,294
2012,9,160.1,244,283
2017,8,149.1,256,278
2016,8,234.5,250,256
2022,8,218.8,250,300
2014,9,212,256,283
2022,5,218.8,250,278
2022,8,218.8,244,289
2022,8,218.8,244,289
2022,8,218.8,244,300
2010,6,138.2,250,300
2020,6,206.4,244,289
2022,8,218.8,244,300
2011,7,144.5,244,300
2021,6,207.2,244,289
2010,6,138.2,244,294
2020,8,206.4,244,300
2020,6,206.4,244,289
2018,7,214.4,244,300
2020,6,206.4,244,300
2022,6,218.8,244,300
2015,6,178,244,294
2016,9,234.5,244,294
2020,8,195,244,289
2022,7,198,244,289
2023,7,194.3,244,294
2020,6,195,244,294
2012,9,159.9,244,283
2017,8,235,256,278
2016,8,190.2,250,256
2022,8,177.3,250,300
2014,9,173,256,283
2022,5,177.3,250,278
2022,8,177.3,244,289
2022,8,177.3,244,289
2022,8,177.3,244,300
2010,6,168,250,300
2020,6,161.4,244,289
2022,8,177.3,244,300
2011,7,144.8,244,300
2021,6,173.9,244,289
2010,6,168,244,294
2020,8,161.4,244,300
2020,6,161.4,244,289
2018,7,154.4,244,300
2020,6,161.4,244,300
2022,6,177.3,244,300
2015,6,193.6,244,294
2016,9,190.2,244,294
2020,8,218.5,244,289
2022,7,207.4,244,289
2023,7,232,244,294
2020,6,218.5,244,294
2012,9,156.7,244,283
2017,8,199.5,256,278
2016,8,202.8,250,256
2022,8,242.9,250,300
2014,9,235.7,256,283
2022,5,242.9,250,278
2022,8,242.9,244,289
2022,8,242.9,244,289
2022,8,242.9,244,300
2010,6,175.7,250,300
2020,6,212.5,244,289
2022,8,242.9,244,300
2011,7,172.2,244,300
2021,6,213.5,244,289
2010,6,175.7,244,294
2020,8,212.5,244,300
2020,6,212.5,244,289
2018,7,239.3,244,300
2020,6,212.5,244,300
2022,6,242.9,244,300
2015,6,217.2,244,294
2016,9,202.8,244,294
2020,8,234.4,244,289
2022,7,223.9,244,289
2023,7,240.2,244,294
2020,6,234.4,244,294
2012,9,166.3,244,283
2017,8,236.8,256,278
2016,8,198.7,250,256
2022,8,219.2,250,300
2014,9,197,256,283
2022,5,219.2,250,278
2022,8,219.2,244,289
2022,8,219.2,244,289
2022,8,219.2,244,300
2010,6,166.8,250,300
2020,6,206.7,244,289
2022,8,219.2,244,300
2011,7,177.8,244,300
2021,6,212.2,244,289
2010,6,166.8,244,294
2020,8,206.7,244,300
2020,6,206.7,244,289
2018,7,207.5,244,300
2020,6,206.7,244,300
2022,6,219.2,244,300
2015,6,174.1,244,294
2016,9,198.7,244,294
2020,8,219.2,244,289
2022,7,193.9,244,289
2023,7,228.7,244,294
2020,6,219.2,244,294
2012,9,140.4,244,283
2017,8,192.7,256,278
2016,8,225.9,250,256
2022,8,242.7,250,300
2014,9,206.8,256,283
2022,5,242.7,250,278
2022,8,242.7,244,289
2022,8,242.7,244,289
2022,8,242.7,244,300
2010,6,164.1,250,300
2020,6,216.6,244,289
2022,8,242.7,244,300
2011,7,176.2,244,300
2021,6,216.9,244,289
2010,6,164.1,244,294
2020,8,216.6,244,300
2020,6,216.6,244,289
2018,7,242,244,300
2020,6,216.6,244,300
2022,6,242.7,244,300
2015,6,142.3,244,294
2016,9,225.9,244,294
2020,8,196.1,244,289
2022,7,211.7,244,289
2023,7,205.9,244,294
2020,6,196.1,244,294
2017,8,192.6,256,278
2016,8,170.4,250,256
2022,8,219.5,250,300
2014,9,215.6,256,283
2022,5,219.5,250,278
2022,8,219.5,244,289
2022,8,219.5,244,289
2022,8,219.5,244,300
2010,6,148.3,250,300
2020,6,193.1,244,289
2022,8,219.5,244,300
2011,7,144.3,244,300
2021,6,214.5,244,289
2010,6,148.3,244,294
2020,8,193.1,244,300
2020,6,193.1,244,289
2018,7,223.1,244,300
2020,6,193.1,244,300
2022,6,219.5,244,300
2015,6,159.6,244,294
2016,9,170.4,244,294
2020,8,139,244,289
2022,7,183.3,244,289
2023,7,177,244,294
2020,6,139,244,294
2017,8,189.7,256,278
2016,8,217.9,250,256
2022,8,208.4,250,300
2014,9,212.4,256,283
2022,5,208.4,250,278
2022,8,208.4,244,289
2022,8,208.4,244,289
2022,8,208.4,244,300
2010,6,162.5,250,300
2020,6,193.6,244,289
2022,8,208.4,244,300
2011,7,168.3,244,300
2021,6,194.2,244,289
2010,6,162.5,244,294
2020,8,193.6,244,300
2020,6,193.6,244,289
2018,7,210.3,244,300
2020,6,193.6,244,300
2022,6,208.4,244,300
2015,6,186.3,244,294
2016,9,217.9,244,294
2020,8,191.1,244,289
2022,7,162.6,244,289
2023,7,165.3,244,294
2020,6,191.1,244,294
2017,8,227.2,256,278
2016,8,156.6,250,256
2022,8,192,250,300
2014,9,205.9,256,283
2022,5,192,250,278
2022,8,192,244,289
2022,8,192,244,289
2022,8,192,244,300
2010,6,139.4,250,300
2020,6,179.4,244,289
2022,8,192,244,300
2011,7,166,244,300
2021,6,172,244,289
2010,6,139.4,244,294
2020,8,179.4,244,300
2020,6,179.4,244,289
2018,7,208.4,244,300
2020,6,179.4,244,300
2022,6,192,244,300
2015,6,175.6,244,294
2016,9,156.6,244,294
2020,8,200.4,244,289
2022,7,185.4,244,289
2023,7,200.4,244,294
2020,6,200.4,244,294
2017,8,182.7,256,278
2016,8,222.1,250,256
2022,8,236.5,250,300
2014,9,243.4,256,283
2022,5,236.5,250,278
2022,8,236.5,244,289
2022,8,236.5,244,289
2022,8,236.5,244,300
2010,6,163.6,250,300
2020,6,210,244,289
2022,8,236.5,244,300
2011,7,186.2,244,300
2021,6,215.2,244,289
2010,6,163.6,244,294
2020,8,210,244,300
2020,6,210,244,289
2018,7,243,244,300
2020,6,210,244,300
2022,6,236.5,244,300
2015,6,165.1,244,294
2016,9,222.1,244,294
2020,8,189.3,244,289
2022,7,198.7,244,289
2023,7,212,244,294
2020,6,189.3,244,294
2017,8,154.5,256,278
2016,8,140.1,250,256
2022,8,185,250,300
2014,9,192.3,256,283
2022,5,185,250,278
2022,8,185,244,289
2022,8,185,244,289
2022,8,185,244,300
2010,6,161.6,250,300
2020,6,190.5,244,289
2022,8,185,244,300
2011,7,155.4,244,300
2021,6,190.3,244,289
2010,6,161.6,244,294
2020,8,190.5,244,300
2020,6,190.5,244,289
2018,7,162,244,300
2020,6,190.5,244,300
2022,6,185,244,300
2015,6,199.4,244,294
2016,9,140.1,244,294
2020,8,170.6,244,289
2022,7,196,244,289
2023,7,217.4,244,294
2020,6,170.6,244,294
2017,8,230,256,278
2016,8,180.7,250,256
2022,8,192.3,250,300
2014,9,199.3,256,283
2022,5,192.3,250,278
2022,8,192.3,244,289
2022,8,192.3,244,289
2022,8,192.3,244,300
2010,6,147.3,250,300
2020,6,171.8,244,289
2022,8,192.3,244,300
2011,7,157.5,244,300
2021,6,213.3,244,289
2010,6,147.3,244,294
2020,8,171.8,244,300
2020,6,171.8,244,289
2018,7,192.3,244,300
2020,6,171.8,244,300
2022,6,192.3,244,300
2015,6,137.7,244,294
2016,9,180.7,244,294
2020,8,212.9,244,289
2022,7,194,244,289
2023,7,210.1,244,294
2020,6,212.9,244,294
2017,8,143.8,256,278
2016,8,232.5,250,256
2022,8,233.9,250,300
2014,9,197.4,256,283
2022,5,233.9,250,278
2022,8,233.9,244,289
2022,8,233.9,244,289
2022,8,233.9,244,300
2010,6,162.1,250,300
2020,6,197.6,244,289
2022,8,233.9,244,300
2011,7,166.7,244,300
2021,6,211.4,244,289
2010,6,162.1,244,294
2020,8,197.6,244,300
2020,6,197.6,244,289
2018,7,225.4,244,300
2020,6,197.6,244,300
2022,6,233.9,244,300
2015,6,188.7,244,294
2016,9,232.5,244,294
2020,8,200.2,244,289
2022,7,216,244,289
2023,7,225.9,244,294
2020,6,200.2,244,294
2017,8,221.9,256,278
2016,8,227.1,250,256
2022,8,204.2,250,300
2014,9,190.2,256,283
2022,5,204.2,250,278
2022,8,204.2,244,289
2022,8,204.2,244,289
2022,8,204.2,244,300
2010,6,172,250,300
2020,6,178.8,244,289
2022,8,204.2,244,300
2011,7,172.4,244,300
2021,6,208.6,244,289
2010,6,172,244,294
2020,8,178.8,244,300
2020,6,178.8,244,289
2018,7,173.4,244,300
2020,6,178.8,244,300
2022,6,204.2,244,300
2015,6,164.9,244,294
2016,9,227.1,244,294
2020,8,210.4,244,289
2022,7,193.3,244,289
2023,7,208.3,244,294
2020,6,210.4,244,294
2017,8,170.1,256,278
2016,8,229.4,250,256
2022,8,167.5,250,300
2014,9,182.7,256,283
2022,5,167.5,250,278
2022,8,167.5,244,289
2022,8,167.5,244,289
2022,8,167.5,244,300
2010,6,157.8,250,300
2020,6,162.6,244,289
2022,8,167.5,244,300
2011,7,164.1,244,300
2021,6,190.4,244,289
2010,6,157.8,244,294
2020,8,162.6,244,300
2020,6,162.6,244,289
2018,7,170.1,244,300
2020,6,162.6,244,300
2022,6,167.5,244,300
2015,6,142.6,244,294
2016,9,229.4,244,294
2020,8,189.7,244,289
2022,7,203.1,244,289
2023,7,214,244,294
2020,6,189.7,244,294
2017,8,148,256,278
2016,8,217.8,250,256
2022,8,221.2,250,300
2014,9,193.8,256,283
2022,5,221.2,250,278
2022,8,221.2,244,289
2022,8,221.2,244,289
2022,8,221.2,244,300
2010,6,188.3,250,300
2020,6,194.1,244,289
2022,8,221.2,244,300
2011,7,185.4,244,300
2021,6,199.1,244,289
2010,6,188.3,244,294
2020,8,194.1,244,300
2020,6,194.1,244,289
2018,7,209.7,244,300
2020,6,194.1,244,300
2022,6,221.2,244,300
2015,6,224.8,244,294
2016,9,217.8,244,294
2020,8,165.3,244,289
2022,7,207.5,244,289
2023,7,218.8,244,294
2020,6,165.3,244,294
2017,8,190.3,256,278
2016,8,205.7,250,256
2022,8,170.7,250,300
2014,9,183.5,256,283
2022,5,170.7,250,278
2022,8,170.7,244,289
2022,8,170.7,244,289
2022,8,170.7,244,300
2010,6,173.6,250,300
2020,6,178.2,244,289
2022,8,170.7,244,300
2011,7,153,244,300
2021,6,192.8,244,289
2010,6,173.6,244,294
2020,8,178.2,244,300
2020,6,178.2,244,289
2018,7,169.5,244,300
2020,6,178.2,244,300
2022,6,170.7,244,300
2015,6,140,244,294
2016,9,205.7,244,294
2020,8,204.4,244,289
2022,7,178.9,244,289
2023,7,198.1,244,294
2020,6,204.4,244,294
2017,8,220.8,256,278
2016,8,191.6,250,256
2022,8,154.9,250,300
2014,9,156.3,256,283
2022,5,154.9,250,278
2022,8,154.9,244,289
2022,8,154.9,244,289
2022,8,154.9,244,300
2010,6,157.3,250,300
2020,6,161.4,244,289
2022,8,154.9,244,300
2011,7,174.6,244,300
2021,6,159,244,289
2010,6,157.3,244,294
2020,8,161.4,244,300
2020,6,161.4,244,289
2018,7,159.7,244,300
2020,6,161.4,244,300
2022,6,154.9,244,300
2015,6,192,244,294
2016,9,191.6,244,294
2020,8,180.6,244,289
2022,7,201.3,244,289
2023,7,202.9,244,294
2020,6,180.6,244,294
2017,8,229.5,256,278
2016,8,156.7,250,256
2022,8,196.1,250,300
2014,9,196.4,256,283
2022,5,196.1,250,278
2022,8,196.1,244,289
2022,8,196.1,244,289
2022,8,196.1,244,300
2010,6,150.5,250,300
2020,6,187.4,244,289
2022,8,196.1,244,300
2011,7,169.1,244,300
2021,6,186.2,244,289
2010,6,150.5,244,294
2020,8,187.4,244,300
2020,6,187.4,244,289
2018,7,179.9,244,300
2020,6,187.4,244,300
2022,6,196.1,244,300
2015,6,201.4,244,294
2016,9,156.7,244,294
2020,8,190,244,289
2022,7,197.3,244,289
2023,7,223.2,244,294
2020,6,190,244,294
2017,8,211.5,256,278
2016,8,219.1,250,256
2022,8,236.3,250,300
2014,9,237.1,256,283
2022,5,236.3,250,278
2022,8,236.3,244,289
2022,8,236.3,244,289
2022,8,236.3,244,300
2010,6,143.1,250,300
2020,6,218.2,244,289
2022,8,236.3,244,300
2011,7,166,244,300
2021,6,234,244,289
2010,6,143.1,244,294
2020,8,218.2,244,300
2020,6,218.2,244,289
2018,7,251.4,244,300
2020,6,218.2,244,300
2022,6,236.3,244,300
2015,6,209.2,244,294
2016,9,219.1,244,294
2020,8,184.7,244,289
2022,7,177.8,244,289
2023,7,201.7,244,294
2020,6,184.7,244,294
2017,8,220.8,256,278
2016,8,213.4,250,256
2022,8,145.3,250,300
2014,9,156.9,256,283
2022,5,145.3,250,278
2022,8,145.3,244,289
2022,8,145.3,244,289
2022,8,145.3,244,300
2010,6,150.9,250,300
2020,6,164.3,244,289
2022,8,145.3,244,300
2011,7,181.2,244,300
2021,6,184.1,244,289
2010,6,150.9,244,294
2020,8,164.3,244,300
2020,6,164.3,244,289
2018,7,156.7,244,300
2020,6,164.3,244,300
2022,6,145.3,244,300
2015,6,169.7,244,294
2016,9,213.4,244,294
2020,8,193.6,244,289
2022,7,176.3,244,289
2023,7,199.4,244,294
2020,6,193.6,244,294
2017,8,204.8,256,278
2016,8,137.7,250,256
2022,8,233.3,250,300
2014,9,214.4,256,283
2022,5,233.3,250,278
2022,8,233.3,244,289
2022,8,233.3,244,289
2022,8,233.3,244,300
2010,6,153,250,300
2020,6,201.1,244,289
2022,8,233.3,244,300
2011,7,161.8,244,300
2021,6,206.3,244,289
2010,6,153,244,294
2020,8,201.1,244,300
2020,6,201.1,244,289
2018,7,229.8,244,300
2020,6,201.1,244,300
2022,6,233.3,244,300
2015,6,165.5,244,294
2016,9,137.7,244,294
2020,8,186.9,244,289
2022,7,199.8,244,289
2023,7,221.7,244,294
2020,6,186.9,244,294
2017,8,194.8,256,278
2016,8,202.6,250,256
2022,8,235.3,250,300
2014,9,200.7,256,283
2022,5,235.3,250,278
2022,8,235.3,244,289
2022,8,235.3,244,289
2022,8,235.3,244,300
2010,6,143.1,250,300
2020,6,201.7,244,289
2022,8,235.3,244,300
2011,7,181.2,244,300
2021,6,207.1,244,289
2010,6,143.1,244,294
2020,8,201.7,244,300
2020,6,201.7,244,289
2018,7,208.7,244,300
2020,6,201.7,244,300
2022,6,235.3,244,300
2015,6,147.8,244,294
2016,9,202.6,244,294
2020,8,205.6,244,289
2022,7,197.6,244,289
2023,7,197.3,244,294
2020,6,205.6,244,294
2017,8,239.5,256,278
2016,8,236.8,250,256
2022,8,224,250,300
2014,9,228.7,256,283
2022,5,224,250,278
2022,8,224,244,289
2022,8,224,244,289
2022,8,224,244,300
2010,6,172.6,250,300
2020,6,206.6,244,289
2022,8,224,244,300
2011,7,141.6,244,300
2021,6,226.8,244,289
2010,6,172.6,244,294
2020,8,206.6,244,300
2020,6,206.6,244,289
2018,7,242.8,244,300
2020,6,206.6,244,300
2022,6,224,244,300
2015,6,204.7,244,294
2016,9,236.8,244,294
2020,8,160,244,289
2022,7,208.4,244,289
2023,7,217.8,244,294
2020,6,160,244,294
2017,8,216.7,256,278
2016,8,143.2,250,256
2022,8,225.6,250,300
2014,9,231.2,256,283
2022,5,225.6,250,278
2022,8,225.6,244,289
2022,8,225.6,244,289
2022,8,225.6,244,300
2010,6,158.4,250,300
2020,6,217,244,289
2022,8,225.6,244,300
2011,7,179.4,244,300
2021,6,212.3,244,289
2010,6,158.4,244,294
2020,8,217,244,300
2020,6,217,244,289
2018,7,233.2,244,300
2020,6,217,244,300
2022,6,225.6,244,300
2015,6,182.8,244,294
2016,9,143.2,244,294
2020,8,200.7,244,289
2022,7,184.9,244,289
2023,7,195.3,244,294
2020,6,200.7,244,294
2017,8,165.4,256,278
2016,8,176.2,250,256
2022,8,216.9,250,300
2014,9,187.6,256,283
2022,5,216.9,250,278
2022,8,216.9,244,289
2022,8,216.9,244,289
2022,8,216.9,244,300
2010,6,163.7,250,300
2020,6,200.7,244,289
2022,8,216.9,244,300
2011,7,151.1,244,300
2021,6,220.4,244,289
2010,6,163.7,244,294
2020,8,200.7,244,300
2020,6,200.7,244,289
2018,7,226.5,244,300
2020,6,200.7,244,300
2022,6,216.9,244,300
2015,6,156.1,244,294
2016,9,176.2,244,294
2020,8,190.5,244,289
2022,7,214.7,244,289
2023,7,215.6,244,294
2020,6,190.5,244,294
2017,8,213.9,256,278
2016,8,203.9,250,256
2022,8,167.2,250,300
2014,9,194.6,256,283
2022,5,167.2,250,278
2022,8,167.2,244,289
2022,8,167.2,244,289
2022,8,167.2,244,300
2010,6,160,250,300
2020,6,166.9,244,289
2022,8,167.2,244,300
2011,7,169,244,300
2021,6,198.3,244,289
2010,6,160,244,294
2020,8,166.9,244,300
2020,6,166.9,244,289
2018,7,179.4,244,300
2020,6,166.9,244,300
2022,6,167.2,244,300
2015,6,160.8,244,294
2016,9,203.9,244,294
2020,8,218.8,244,289
2022,7,209.8,244,289
2023,7,225.6,244,294
2020,6,218.8,244,294
2017,8,233,256,278
2016,8,222.9,250,256
2022,8,236.8,250,300
2014,9,203.7,256,283
2022,5,236.8,250,278
2022,8,236.8,244,289
2022,8,236.8,244,289
2022,8,236.8,244,300
2010,6,170.7,250,300
2020,6,198,244,289
2022,8,236.8,244,300
2011,7,172.4,244,300
2021,6,207,244,289
2010,6,170.7,244,294
2020,8,198,244,300
2020,6,198,244,289
2018,7,225.6,244,300
2020,6,198,244,300
2022,6,236.8,244,300
2015,6,203.5,244,294
2016,9,222.9,244,294
2020,8,180.3,244,289
2022,7,212,244,289
2023,7,231.1,244,294
2020,6,180.3,244,294
2017,8,140.1,256,278
2016,8,227.8,250,256
2022,8,234.7,250,300
2014,9,235.9,256,283
2022,5,234.7,250,278
2022,8,234.7,244,289
2022,8,234.7,244,289
2022,8,234.7,244,300
2010,6,171.7,250,300
2020,6,210.2,244,289
2022,8,234.7,244,300
2011,7,157.2,244,300
2021,6,215.4,244,289
2010,6,171.7,244,294
2020,8,210.2,244,300
2020,6,210.2,244,289
2018,7,231.7,244,300
2020,6,210.2,244,300
2022,6,234.7,244,300
2015,6,165.9,244,294
2016,9,227.8,244,294
2020,8,190.5,244,289
2022,7,202.4,244,289
2023,7,215,244,294
2020,6,190.5,244,294
2017,8,186.7,256,278
2016,8,202.9,250,256
2022,8,163.6,250,300
2014,9,167.8,256,283
2022,5,163.6,250,278
2022,8,163.6,244,289
2022,8,163.6,244,289
2022,8,163.6,244,300
2010,6,171,250,300
2020,6,168.7,244,289
2022,8,163.6,244,300
2011,7,176.7,244,300
2021,6,176.9,244,289
2010,6,171,244,294
2020,8,168.7,244,300
2020,6,168.7,244,289
2018,7,167.6,244,300
2020,6,168.7,244,300
2022,6,163.6,244,300
2015,6,147.3,244,294
2016,9,202.9,244,294
2020,8,169.7,244,289
2022,7,184,244,289
2023,7,213.7,244,294
2020,6,169.7,244,294
2017,8,193.5,256,278
2016,8,225.9,250,256
2022,8,211.3,250,300
2014,9,227.7,256,283
2022,5,211.3,250,278
2022,8,211.3,244,289
2022,8,211.3,244,289
2022,8,211.3,244,300
2010,6,139.6,250,300
2020,6,196,244,289
2022,8,211.3,244,300
2011,7,169.9,244,300
2021,6,194.8,244,289
2010,6,139.6,244,294
2020,8,196,244,300
2020,6,196,244,289
2018,7,217.9,244,300
2020,6,196,244,300
2022,6,211.3,244,300
2015,6,205.3,244,294
2016,9,225.9,244,294
2020,8,206.6,244,289
2022,7,205.2,244,289
2023,7,208.7,244,294
2020,6,206.6,244,294
2017,8,224.1,256,278
2016,8,221.9,250,256
2022,8,233.6,250,300
2014,9,208.7,256,283
2022,5,233.6,250,278
2022,8,233.6,244,289
2022,8,233.6,244,289
2022,8,233.6,244,300
2010,6,160,250,300
2020,6,211,244,289
2022,8,233.6,244,300
2011,7,153.3,244,300
2021,6,220.7,244,289
2010,6,160,244,294
2020,8,211,244,300
2020,6,211,244,289
2018,7,219.8,244,300
2020,6,211,244,300
2022,6,233.6,244,300
2015,6,189.2,244,294
2016,9,221.9,244,294
2020,8,182.6,244,289
2022,7,205.5,244,289
2023,7,216.2,244,294
2020,6,182.6,244,294
2017,8,227.9,256,278
2016,8,218.8,250,256
2022,8,198.3,250,300
2014,9,188.9,256,283
2022,5,198.3,250,278
2022,8,198.3,244,289
2022,8,198.3,244,289
2022,8,198.3,244,300
2010,6,167.5,250,300
2020,6,186.2,244,289
2022,8,198.3,244,300
2011,7,137.9,244,300
2021,6,208.1,244,289
2010,6,167.5,244,294
2020,8,186.2,244,300
2020,6,186.2,244,289
2018,7,204.6,244,300
2020,6,186.2,244,300
2022,6,198.3,244,300
2015,6,186.9,244,294
2016,9,218.8,244,294
2020,8,169.4,244,289
2022,7,180.8,244,289
2023,7,204,244,294
2020,6,169.4,244,294
2017,8,161.7,256,278
2016,8,216,250,256
2022,8,207.5,250,300
2014,9,194.2,256,283
2022,5,207.5,250,278
2022,8,207.5,244,289
2022,8,207.5,244,289
2022,8,207.5,244,300
2010,6,182.8,250,300
2020,6,188.1,244,289
2022,8,207.5,244,300
2011,7,158.6,244,300
2021,6,211.9,244,289
2010,6,182.8,244,294
2020,8,188.1,244,300
2020,6,188.1,244,289
2018,7,194.5,244,300
2020,6,188.1,244,300
2022,6,207.5,244,300
2015,6,173.4,244,294
2016,9,216,244,294
2020,8,179.1,244,289
2022,7,193.1,244,289
2023,7,206.7,244,294
2020,6,179.1,244,294
2017,8,232.4,256,278
2016,8,154.8,250,256
2022,8,207.7,250,300
2014,9,209.8,256,283
2022,5,207.7,250,278
2022,8,207.7,244,289
2022,8,207.7,244,289
2022,8,207.7,244,300
2010,6,146.6,250,300
2020,6,199.2,244,289
2022,8,207.7,244,300
2011,7,175.9,244,300
2021,6,196.8,244,289
2010,6,146.6,244,294
2020,8,199.2,244,300
2020,6,199.2,244,289
2018,7,219,244,300
2020,6,199.2,244,300
2022,6,207.7,244,300
2015,6,183.4,244,294
2016,9,154.8,244,294
2020,8,159.6,244,289
2022,7,190.8,244,289
2023,7,209.6,244,294
2020,6,159.6,244,294
2017,8,227.2,256,278
2016,8,224,250,256
2022,8,238.6,250,300
2014,9,239.8,256,283
2022,5,238.6,250,278
2022,8,238.6,244,289
2022,8,238.6,244,289
2022,8,238.6,244,300
2010,6,169.9,250,300
2020,6,211.3,244,289
2022,8,238.6,244,300
2011,7,167.5,244,300
2021,6,220.2,244,289
2010,6,169.9,244,294
2020,8,211.3,244,300
2020,6,211.3,244,289
2018,7,244.4,244,300
2020,6,211.3,244,300
2022,6,238.6,244,300
2015,6,177.8,244,294
2016,9,224,244,294
2020,8,175.2,244,289
2022,7,194.7,244,289
2023,7,188.8,244,294
2020,6,175.2,244,294
2017,8,216.5,256,278
2016,8,165.6,250,256
2022,8,234.9,250,300
2014,9,231.2,256,283
2022,5,234.9,250,278
2022,8,234.9,244,289
2022,8,234.9,244,289
2022,8,234.9,244,300
2010,6,145.6,250,300
2020,6,210,244,289
2022,8,234.9,244,300
2011,7,162.9,244,300
2021,6,210.8,244,289
2010,6,145.6,244,294
2020,8,210,244,300
2020,6,210,244,289
2018,7,232.2,244,300
2020,6,210,244,300
2022,6,234.9,244,300
2015,6,181.8,244,294
2016,9,165.6,244,294
2020,8,191.3,244,289
2022,7,213.1,244,289
2023,7,213.1,244,294
2020,6,191.3,244,294
2017,8,213.1,256,278
2016,8,227.3,250,256
2022,8,206.8,250,300
2014,9,179.8,256,283
2022,5,206.8,250,278
2022,8,206.8,244,289
2022,8,206.8,244,289
2022,8,206.8,244,300
2010,6,155.5,250,300
2020,6,176.7,244,289
2022,8,206.8,244,300
2011,7,154.3,244,300
2021,6,202.1,244,289
2010,6,155.5,244,294
2020,8,176.7,244,300
2020,6,176.7,244,289
2018,7,181.8,244,300
2020,6,176.7,244,300
2022,6,206.8,244,300
2015,6,149,244,294
2016,9,227.3,244,294
2020,8,187.9,244,289
2022,7,198.4,244,289
2023,7,213.1,244,294
2020,6,187.9,244,294
2017,8,161.1,256,278
2016,8,217.7,250,256
2022,8,229.3,250,300
2014,9,203,256,283
2022,5,229.3,250,278
2022,8,229.3,244,289
2022,8,229.3,244,289
2022,8,229.3,244,300
2010,6,171.9,250,300
2020,6,210.1,244,289
2022,8,229.3,244,300
2011,7,159.7,244,300
2021,6,205.7,244,289
2010,6,171.9,244,294
2020,8,210.1,244,300
2020,6,210.1,244,289
2018,7,230.8,244,300
2020,6,210.1,244,300
2022,6,229.3,244,300
2015,6,183,244,294
2016,9,217.7,244,294
2020,8,190.1,244,289
2022,7,209.6,244,289
2023,7,225,244,294
2020,6,190.1,244,294
2017,8,225.1,256,278
2016,8,205.1,250,256
2022,8,240.8,250,300
2014,9,243.4,256,283
2022,5,240.8,250,278
2022,8,240.8,244,289
2022,8,240.8,244,289
2022,8,240.8,244,300
2010,6,149.1,250,300
2020,6,214.1,244,289
2022,8,240.8,244,300
2011,7,154.7,244,300
2021,6,215.6,244,289
2010,6,149.1,244,294
2020,8,214.1,244,300
2020,6,214.1,244,289
2018,7,237.3,244,300
2020,6,214.1,244,300
2022,6,240.8,244,300
2015,6,164.7,244,294
2016,9,205.1,244,294
2020,8,173.5,244,289
2022,7,192.3,244,289
2023,7,214.8,244,294
2020,6,173.5,244,294
2017,8,148.1,256,278
2016,8,211,250,256
2022,8,226.9,250,300
2014,9,218.2,256,283
2022,5,226.9,250,278
2022,8,226.9,244,289
2022,8,226.9,244,289
2022,8,226.9,244,300
2010,6,176.5,250,300
2020,6,185.6,244,289
2022,8,226.9,244,300
2011,7,141.5,244,300
2021,6,213.1,244,289
2010,6,176.5,244,294
2020,8,185.6,244,300
2020,6,185.6,244,289
2018,7,200,244,300
2020,6,185.6,244,300
2022,6,226.9,244,300
2015,6,203.2,244,294
2016,9,211,244,294
2020,8,187.9,244,289
2022,7,180.7,244,289
2023,7,205.3,244,294
2020,6,187.9,244,294
2017,8,235.8,256,278
2016,8,210.7,250,256
2022,8,230,250,300
2014,9,195.6,256,283
2022,5,230,250,278
2022,8,230,244,289
2022,8,230,244,289
2022,8,230,244,300
2010,6,172.2,250,300
2020,6,198.3,244,289
2022,8,230,244,300
2011,7,151.5,244,300
2021,6,204.7,244,289
2010,6,172.2,244,294
2020,8,198.3,244,300
2020,6,198.3,244,289
2018,7,202.6,244,300
2020,6,198.3,244,300
2022,6,230,244,300
2015,6,182.6,244,294
2016,9,210.7,244,294
2020,8,185.8,244,289
2022,7,196.8,244,289
2023,7,207.4,244,294
2020,6,185.8,244,294
2017,8,218.8,256,278
2016,8,197.9,250,256
2022,8,188.3,250,300
2014,9,183.2,256,283
2022,5,188.3,250,278
2022,8,188.3,244,289
2022,8,188.3,244,289
2022,8,188.3,244,300
2010,6,182.9,250,300
2020,6,173,244,289
2022,8,188.3,244,300
2011,7,165.3,244,300
2021,6,197.1,244,289
2010,6,182.9,244,294
2020,8,173,244,300
2020,6,173,244,289
2018,7,159.6,244,300
2020,6,173,244,300
2022,6,188.3,244,300
2015,6,170.1,244,294
2016,9,197.9,244,294
2020,8,191,244,289
2022,7,200.1,244,289
2023,7,204.8,244,294
2020,6,191,244,294
2017,8,209.3,256,278
2016,8,165.7,250,256
2022,8,233.8,250,300
2014,9,210.1,256,283
2022,5,233.8,250,278
2022,8,233.8,244,289
2022,8,233.8,244,289
2022,8,233.8,244,300
2010,6,142,250,300
2020,6,205,244,289
2022,8,233.8,244,300
2011,7,156.2,244,300
2021,6,211.1,244,289
2010,6,142,244,294
2020,8,205,244,300
2020,6,205,244,289
2018,7,219.5,244,300
2020,6,205,244,300
2022,6,233.8,244,300
2015,6,180.7,244,294
2016,9,165.7,244,294
2020,8,191.1,244,289
2022,7,191.2,244,289
2023,7,213,244,294
2020,6,191.1,244,294
2017,8,205.1,256,278
2016,8,208.1,250,256
2022,8,182.3,250,300
2014,9,146.8,256,283
2022,5,182.3,250,278
2022,8,182.3,244,289
2022,8,182.3,244,289
2022,8,182.3,244,300
2010,6,145.2,250,300
2020,6,201.4,244,289
2022,8,182.3,244,300
2011,7,182.3,244,300
2021,6,162.7,244,289
2010,6,145.2,244,294
2020,8,201.4,244,300
2020,6,201.4,244,289
2018,7,235.3,244,300
2020,6,201.4,244,300
2022,6,182.3,244,300
2015,6,170.9,244,294
2016,9,208.1,244,294
2020,8,222,244,289
2022,7,209.5,244,289
2023,7,220.2,244,294
2020,6,222,244,294
2017,8,195.3,256,278
2016,8,220.6,250,256
2022,8,231.9,250,300
2014,9,212.9,256,283
2022,5,231.9,250,278
2022,8,231.9,244,289
2022,8,231.9,244,289
2022,8,231.9,244,300
2010,6,159.7,250,300
2020,6,182,244,289
2022,8,231.9,244,300
2011,7,182.4,244,300
2021,6,192.9,244,289
2010,6,159.7,244,294
2020,8,182,244,300
2020,6,182,244,289
2018,7,200.1,244,300
2020,6,182,244,300
2022,6,231.9,244,300
2015,6,139.4,244,294
2016,9,220.6,244,294
2020,8,214.5,244,289
2022,7,216.9,244,289
2023,7,235.7,244,294
2020,6,214.5,244,294
2017,8,182.8,256,278
2016,8,217.2,250,256
2022,8,223.7,250,300
2014,9,200.8,256,283
2022,5,223.7,250,278
2022,8,223.7,244,289
2022,8,223.7,244,289
2022,8,223.7,244,300
2010,6,150.9,250,300
2020,6,174.1,244,289
2022,8,223.7,244,300
2011,7,159.8,244,300
2021,6,207,244,289
2010,6,150.9,244,294
2020,8,174.1,244,300
2020,6,174.1,244,289
2018,7,181.2,244,300
2020,6,174.1,244,300
2022,6,223.7,244,300
2015,6,155.3,244,294
2016,9,217.2,244,294
2020,8,212.8,244,289
2022,7,206.7,244,289
2023,7,219.5,244,294
2020,6,212.8,244,294
2017,8,170,256,278
2016,8,215,250,256
2022,8,212.9,250,300
2014,9,177,256,283
2022,5,212.9,250,278
2022,8,212.9,244,289
2022,8,212.9,244,289
2022,8,212.9,244,300
2010,6,162.5,250,300
2020,6,178.2,244,289
2022,8,212.9,244,300
2011,7,146.8,244,300
2021,6,192.3,244,289
2010,6,162.5,244,294
2020,8,178.2,244,300
2020,6,178.2,244,289
2018,7,186,244,300
2020,6,178.2,244,300
2022,6,212.9,244,300
2015,6,204,244,294
2016,9,215,244,294
2020,8,182.9,244,289
2022,7,214.6,244,289
2023,7,227.5,244,294
2020,6,182.9,244,294
2017,8,171.4,256,278
2016,8,215.6,250,256
2022,8,221.6,250,300
2014,9,185.9,256,283
2022,5,221.6,250,278
2022,8,221.6,244,289
2022,8,221.6,244,289
2022,8,221.6,244,300
2010,6,166.1,250,300
2020,6,190.7,244,289
2022,8,221.6,244,300
2011,7,160.6,244,300
2021,6,215.5,244,289
2010,6,166.1,244,294
2020,8,190.7,244,300
2020,6,190.7,244,289
2018,7,206.6,244,300
2020,6,190.7,244,300
2022,6,221.6,244,300
2015,6,200.6,244,294
2016,9,215.6,244,294
2020,8,195.9,244,289
2022,7,183.8,244,289
2023,7,202.1,244,294
2020,6,195.9,244,294
2017,8,197.9,256,278
2016,8,196.6,250,256
2022,8,217.5,250,300
2014,9,183.5,256,283
2022,5,217.5,250,278
2022,8,217.5,244,289
2022,8,217.5,244,289
2022,8,217.5,244,300
2010,6,146,250,300
2020,6,198.7,244,289
2022,8,217.5,244,300
2011,7,152.2,244,300
2021,6,204.4,244,289
2010,6,146,244,294
2020,8,198.7,244,300
2020,6,198.7,244,289
2018,7,194.3,244,300
2020,6,198.7,244,300
2022,6,217.5,244,300
2015,6,181.2,244,294
2016,9,196.6,244,294
2020,8,211.5,244,289
2022,7,196.8,244,289
2023,7,205.7,244,294
2020,6,211.5,244,294
2017,8,233.7,256,278
2016,8,156.1,250,256
2022,8,200.8,250,300
2014,9,211.1,256,283
2022,5,200.8,250,278
2022,8,200.8,244,289
2022,8,200.8,244,289
2022,8,200.8,244,300
2010,6,147.7,250,300
2020,6,154.2,244,289
2022,8,200.8,244,300
2011,7,154.7,244,300
2021,6,197.3,244,289
2010,6,147.7,244,294
2020,8,154.2,244,300
2020,6,154.2,244,289
2018,7,162.9,244,300
2020,6,154.2,244,300
2022,6,200.8,244,300
2015,6,154.7,244,294
2016,9,156.1,244,294
2020,8,172.4,244,289
2022,7,204.1,244,289
2023,7,211.2,244,294
2020,6,172.4,244,294
2017,8,232.1,256,278
2016,8,213.7,250,256
2022,8,173.5,250,300
2014,9,170.3,256,283
2022,5,173.5,250,278
2022,8,173.5,244,289
2022,8,173.5,244,289
2022,8,173.5,244,300
2010,6,156.5,250,300
2020,6,185.2,244,289
2022,8,173.5,244,300
2011,7,162.6,244,300
2021,6,189,244,289
2010,6,156.5,244,294
2020,8,185.2,244,300
2020,6,185.2,244,289
2018,7,196.6,244,300
2020,6,185.2,244,300
2022,6,173.5,244,300
2015,6,164.6,244,294
2016,9,213.7,244,294
2020,8,197.6,244,289
2022,7,176.3,244,289
2023,7,194.8,244,294
2020,6,197.6,244,294
2017,8,222.2,256,278
2016,8,215.2,250,256
2022,8,213,250,300
2014,9,193.4,256,283
2022,5,213,250,278
2022,8,213,244,289
2022,8,213,244,289
2022,8,213,244,300
2010,6,156.1,250,300
2020,6,184.3,244,289
2022,8,213,244,300
2011,7,169.5,244,300
2021,6,214.7,244,289
2010,6,156.1,244,294
2020,8,184.3,244,300
2020,6,184.3,244,289
2018,7,168.9,244,300
2020,6,184.3,244,300
2022,6,213,244,300
2015,6,143.2,244,294
2016,9,215.2,244,294
2020,8,204.8,244,289
2022,7,199.4,244,289
2023,7,225.5,244,294
2020,6,204.8,244,294
2017,8,175.2,256,278
2016,8,164.3,250,256
2022,8,160.9,250,300
2014,9,174.8,256,283
2022,5,160.9,250,278
2022,8,160.9,244,289
2022,8,160.9,244,289
2022,8,160.9,244,300
2010,6,141.1,250,300
2020,6,196.3,244,289
2022,8,160.9,244,300
2011,7,188.8,244,300
2021,6,187.4,244,289
2010,6,141.1,244,294
2020,8,196.3,244,300
2020,6,196.3,244,289
2018,7,197.5,244,300
2020,6,196.3,244,300
2022,6,160.9,244,300
2015,6,178.3,244,294
2016,9,164.3,244,294
2020,8,175.6,244,289
2022,7,201.3,244,289
2023,7,209.1,244,294
2020,6,175.6,244,294
2017,8,218.3,256,278
2016,8,172.3,250,256
2022,8,221.8,250,300
2014,9,190.4,256,283
2022,5,221.8,250,278
2022,8,221.8,244,289
2022,8,221.8,244,289
2022,8,221.8,244,300
2010,6,165.4,250,300
2020,6,199.6,244,289
2022,8,221.8,244,300
2011,7,141.6,244,300
2021,6,195.3,244,289
2010,6,165.4,244,294
2020,8,199.6,244,300
2020,6,199.6,244,289
2018,7,230.3,244,300
2020,6,199.6,244,300
2022,6,221.8,244,300
2015,6,165.7,244,294
2016,9,172.3,244,294
2020,8,192.9,244,289
2022,7,198.6,244,289
2023,7,214.8,244,294
2020,6,192.9,244,294
2017,8,196.5,256,278
2016,8,200,250,256
2022,8,233.6,250,300
2014,9,194.9,256,283
2022,5,233.6,250,278
2022,8,233.6,244,289
2022,8,233.6,244,289
2022,8,233.6,244,300
2010,6,173.1,250,300
2020,6,202.3,244,289
2022,8,233.6,244,300
2011,7,180.1,244,300
2021,6,207.9,244,289
2010,6,173.1,244,294
2020,8,202.3,244,300
2020,6,202.3,244,289
2018,7,224.3,244,300
2020,6,202.3,244,300
2022,6,233.6,244,300
2015,6,142,244,294
2016,9,200,244,294
2020,8,213.6,244,289
2022,7,192.5,244,289
2023,7,214.7,244,294
2020,6,213.6,244,294
2017,8,191,256,278
2016,8,221.9,250,256
2022,8,226.7,250,300
2014,9,206,256,283
2022,5,226.7,250,278
2022,8,226.7,244,289
2022,8,226.7,244,289
2022,8,226.7,244,300
2010,6,159.1,250,300
2020,6,205.2,244,289
2022,8,226.7,244,300
2011,7,184.8,244,300
2021,6,197.4,244,289
2010,6,159.1,244,294
2020,8,205.2,244,300
2020,6,205.2,244,289
2018,7,221.5,244,300
2020,6,205.2,244,300
2022,6,226.7,244,300
2015,6,169.5,244,294
2016,9,221.9,244,294
2020,8,203,244,289
2022,7,205.3,244,289
2023,7,219.7,244,294
2020,6,203,244,294
2017,8,210.6,256,278
2016,8,224.8,250,256
2022,8,214.4,250,300
2014,9,213.5,256,283
2022,5,214.4,250,278
2022,8,214.4,244,289
2022,8,214.4,244,289
2022,8,214.4,244,300
2010,6,185.1,250,300
2020,6,176.1,244,289
2022,8,214.4,244,300
2021,6,195.1,244,289
2010,6,185.1,244,294
2020,8,176.1,244,300
2020,6,176.1,244,289
2018,7,165.3,244,300
2020,6,176.1,244,300
2022,6,214.4,244,300
2015,6,146.2,244,294
2016,9,224.8,244,294
2020,8,175.3,244,289
2022,7,199,244,289
2023,7,213.3,244,294
2020,6,175.3,244,294
2017,8,154.6,256,278
2016,8,223.2,250,256
2022,8,184,250,300
2014,9,188.6,256,283
2022,5,184,250,278
2022,8,184,244,289
2022,8,184,244,289
2022,8,184,244,300
2010,6,149.5,250,300
2020,6,189.9,244,289
2022,8,184,244,300
2021,6,188.8,244,289
2010,6,149.5,244,294
2020,8,189.9,244,300
2020,6,189.9,244,289
2018,7,209.7,244,300
2020,6,189.9,244,300
2022,6,184,244,300
2015,6,151.1,244,294
2016,9,223.2,244,294
2020,8,201.5,244,289
2022,7,202,244,289
2023,7,200.9,244,294
2020,6,201.5,244,294
2017,8,212.1,256,278
2016,8,182.8,250,256
2022,8,227,250,300
2014,9,207.9,256,283
2022,5,227,250,278
2022,8,227,244,289
2022,8,227,244,289
2022,8,227,244,300
2010,6,145.4,250,300
2020,6,198.7,244,289
2022,8,227,244,300
2021,6,207.5,244,289
2010,6,145.4,244,294
2020,8,198.7,244,300
2020,6,198.7,244,289
2018,7,197.6,244,300
2020,6,198.7,244,300
2022,6,227,244,300
2015,6,146.5,244,294
2016,9,182.8,244,294
2020,8,196,244,289
2022,7,192.4,244,289
2023,7,218.8,244,294
2020,6,196,244,294
2017,8,170.9,256,278
2016,8,162.9,250,256
2022,8,204.2,250,300
2014,9,209.6,256,283
2022,5,204.2,250,278
2022,8,204.2,244,289
2022,8,204.2,244,289
2022,8,204.2,244,300
2010,6,170.4,250,300
2020,6,195.4,244,289
2022,8,204.2,244,300
2021,6,175.2,244,289
2010,6,170.4,244,294
2020,8,195.4,244,300
2020,6,195.4,244,289
2018,7,169.9,244,300
2020,6,195.4,244,300
2022,6,204.2,244,300
2015,6,189,244,294
2016,9,162.9,244,294
2020,8,217.4,244,289
2022,7,196.1,244,289
2023,7,208.6,244,294
2020,6,217.4,244,294
2017,8,169.5,256,278
2016,8,204.2,250,256
2022,8,187,250,300
2014,9,207.6,256,283
2022,5,187,250,278
2022,8,187,244,289
2022,8,187,244,289
2022,8,187,244,300
2010,6,165.3,250,300
2020,6,194.1,244,289
2022,8,187,244,300
2021,6,210,244,289
2010,6,165.3,244,294
2020,8,194.1,244,300
2020,6,194.1,244,289
2018,7,221.5,244,300
2020,6,194.1,244,300
2022,6,187,244,300
2015,6,193.9,244,294
2016,9,204.2,244,294
2020,8,197.3,244,289
2022,7,188.2,244,289
2023,7,181.2,244,294
2020,6,197.3,244,294
2017,8,170.5,256,278
2016,8,156.5,250,256
2022,8,218.4,250,300
2014,9,213.7,256,283
2022,5,218.4,250,278
2022,8,218.4,244,289
2022,8,218.4,244,289
2022,8,218.4,244,300
2010,6,144.9,250,300
2020,6,164.4,244,289
2022,8,218.4,244,300
2021,6,189.2,244,289
2010,6,144.9,244,294
2020,8,164.4,244,300
2020,6,164.4,244,289
2018,7,151.8,244,300
2020,6,164.4,244,300
2022,6,218.4,244,300
2015,6,179.6,244,294
2016,9,156.5,244,294
2020,8,216.1,244,289
2022,7,219,244,289
2023,7,230.7,244,294
2020,6,216.1,244,294
2017,8,208.8,256,278
2016,8,158.6,250,256
2022,8,172.4,250,300
2014,9,167.4,256,283
2022,5,172.4,250,278
2022,8,172.4,244,289
2022,8,172.4,244,289
2022,8,172.4,244,300
2010,6,150.2,250,300
2020,6,194.9,244,289
2022,8,172.4,244,300
2021,6,176.1,244,289
2010,6,150.2,244,294
2020,8,194.9,244,300
2020,6,194.9,244,289
2018,7,198.9,244,300
2020,6,194.9,244,300
2022,6,172.4,244,300
2015,6,186.6,244,294
2016,9,158.6,244,294
2020,8,190.8,244,289
2022,7,197.8,244,289
2023,7,223.5,244,294
2020,6,190.8,244,294
2017,8,212.7,256,278
2016,8,183,250,256
2022,8,224.1,250,300
2014,9,208.9,256,283
2022,5,224.1,250,278
2022,8,224.1,244,289
2022,8,224.1,244,289
2022,8,224.1,244,300
2010,6,164,250,300
2020,6,186.4,244,289
2022,8,224.1,244,300
2021,6,201,244,289
2010,6,164,244,294
2020,8,186.4,244,300
2020,6,186.4,244,289
2018,7,208.3,244,300
2020,6,186.4,244,300
2022,6,224.1,244,300
2015,6,158,244,294
2016,9,183,244,294
2020,8,183,244,289
2022,7,208,244,289
2023,7,238.4,244,294
2020,6,183,244,294
2017,8,216.9,256,278
2016,8,222,250,256
2022,8,207.8,250,300
2014,9,187.9,256,283
2022,5,207.8,250,278
2022,8,207.8,244,289
2022,8,207.8,244,289
2022,8,207.8,244,300
2010,6,169.3,250,300
2020,6,198.5,244,289
2022,8,207.8,244,300
2021,6,211.9,244,289
2010,6,169.3,244,294
2020,8,198.5,244,300
2020,6,198.5,244,289
2018,7,223.5,244,300
2020,6,198.5,244,300
2022,6,207.8,244,300
2015,6,150.6,244,294
2016,9,222,244,294
2020,8,197.9,244,289
2022,7,209.3,244,289
2023,7,209.1,244,294
2020,6,197.9,244,294
2017,8,191.3,256,278
2016,8,224.2,250,256
2022,8,222.1,250,300
2014,9,195.9,256,283
2022,5,222.1,250,278
2022,8,222.1,244,289
2022,8,222.1,244,289
2022,8,222.1,244,300
2010,6,156,250,300
2020,6,170.6,244,289
2022,8,222.1,244,300
2021,6,211.7,244,289
2010,6,156,244,294
2020,8,170.6,244,300
2020,6,170.6,244,289
2018,7,148.2,244,300
2020,6,170.6,244,300
2022,6,222.1,244,300
2015,6,188.2,244,294
2016,9,224.2,244,294
2020,8,219.1,244,289
2022,7,199.6,244,289
2023,7,208.5,244,294
2020,6,219.1,244,294
2017,8,185.8,256,278
2016,8,208.9,250,256
2022,8,178.5,250,300
2014,9,184.6,256,283
2022,5,178.5,250,278
2022,8,178.5,244,289
2022,8,178.5,244,289
2022,8,178.5,244,300
2010,6,189.4,250,300
2020,6,202.2,244,289
2022,8,178.5,244,300
2021,6,181,244,289
2010,6,189.4,244,294
2020,8,202.2,244,300
2020,6,202.2,244,289
2018,7,217.9,244,300
2020,6,202.2,244,300
2022,6,178.5,244,300
2015,6,152.3,244,294
2016,9,208.9,244,294
2020,8,224.5,244,289
2022,7,211,244,289
2023,7,220.6,244,294
2020,6,224.5,244,294
2017,8,174.8,256,278
2016,8,236.3,250,256
2022,8,222.1,250,300
2014,9,173.7,256,283
2022,5,222.1,250,278
2022,8,222.1,244,289
2022,8,222.1,244,289
2022,8,222.1,244,300
2010,6,150.8,250,300
2020,6,208.8,244,289
2022,8,222.1,244,300
2021,6,207.9,244,289
2010,6,150.8,244,294
2020,8,208.8,244,300
2020,6,208.8,244,289
2018,7,231.8,244,300
2020,6,208.8,244,300
2022,6,222.1,244,300
2015,6,166,244,294
2016,9,236.3,244,294
2020,8,188.1,244,289
2022,7,219.3,244,289
2023,7,236.3,244,294
2020,6,188.1,244,294
2017,8,213.6,256,278
2016,8,157.9,250,256
2022,8,220,250,300
2014,9,230.9,256,283
2022,5,220,250,278
2022,8,220,244,289
2022,8,220,244,289
2022,8,220,244,300
2010,6,171.8,250,300
2020,6,214.4,244,289
2022,8,220,244,300
2021,6,224,244,289
2010,6,171.8,244,294
2020,8,214.4,244,300
2020,6,214.4,244,289
2018,7,246.7,244,300
2020,6,214.4,244,300
2022,6,220,244,300
2015,6,193.5,244,294
2016,9,157.9,244,294
2020,8,225.7,244,289
2022,7,213.1,244,289
2023,7,230.5,244,294
2020,6,225.7,244,294
2017,8,155,256,278
2016,8,223.5,250,256
2022,8,240.9,250,300
2014,9,234.8,256,283
2022,5,240.9,250,278
2022,8,240.9,244,289
2022,8,240.9,244,289
2022,8,240.9,244,300
2010,6,183.6,250,300
2020,6,189.2,244,289
2022,8,240.9,244,300
2021,6,214.9,244,289
2010,6,183.6,244,294
2020,8,189.2,244,300
2020,6,189.2,244,289
2018,7,201.7,244,300
2020,6,189.2,244,300
2022,6,240.9,244,300
2015,6,204.9,244,294
2016,9,223.5,244,294
2020,8,195.9,244,289
2022,7,193.6,244,289
2023,7,209.5,244,294
2020,6,195.9,244,294
2017,8,193.9,256,278
2016,8,198,250,256
2022,8,229.3,250,300
2014,9,199,256,283
2022,5,229.3,250,278
2022,8,229.3,244,289
2022,8,229.3,244,289
2022,8,229.3,244,300
2010,6,146.4,250,300
2020,6,189.6,244,289
2022,8,229.3,244,300
2021,6,214.7,244,289
2010,6,146.4,244,294
2020,8,189.6,244,300
2020,6,189.6,244,289
2018,7,220.3,244,300
2020,6,189.6,244,300
2022,6,229.3,244,300
2015,6,182.8,244,294
2016,9,198,244,294
2020,8,171.5,244,289
2022,7,231.6,244,289
2023,7,237.1,244,294
2020,6,171.5,244,294
2017,8,220.1,256,278
2016,8,219.9,250,256
2022,8,227,250,300
2014,9,197.5,256,283
2022,5,227,250,278
2022,8,227,244,289
2022,8,227,244,289
2022,8,227,244,300
2020,6,180.6,244,289
2022,8,227,244,300
2021,6,218.8,244,289
2020,8,180.6,244,300
2020,6,180.6,244,289
2018,7,186.2,244,300
2020,6,180.6,244,300
2022,6,227,244,300
2015,6,214.5,244,294
2016,9,219.9,244,294
2020,8,190.5,244,289
2022,7,195.8,244,289
2023,7,211.5,244,294
2020,6,190.5,244,294
2017,8,213.7,256,278
2016,8,162.3,250,256
2022,8,204.8,250,300
2014,9,188.9,256,283
2022,5,204.8,250,278
2022,8,204.8,244,289
2022,8,204.8,244,289
2022,8,204.8,244,300
2020,6,207.8,244,289
2022,8,204.8,244,300
2021,6,208,244,289
2020,8,207.8,244,300
2020,6,207.8,244,289
2018,7,233.6,244,300
2020,6,207.8,244,300
2022,6,204.8,244,300
2015,6,210.1,244,294
2016,9,162.3,244,294
2022,7,201.1,244,289
2023,7,201.6,244,294
2017,8,202.5,256,278
2016,8,144.8,250,256
2022,8,229.7,250,300
2014,9,223.9,256,283
2022,5,229.7,250,278
2022,8,229.7,244,289
2022,8,229.7,244,289
2022,8,229.7,244,300
2020,6,189.8,244,289
2022,8,229.7,244,300
2021,6,224.6,244,289
2020,8,189.8,244,300
2020,6,189.8,244,289
2018,7,197.7,244,300
2020,6,189.8,244,300
2022,6,229.7,244,300
2015,6,160.7,244,294
2016,9,144.8,244,294
2022,7,205.3,244,289
2023,7,215.3,244,294
2017,8,235,256,278
2016,8,199.4,250,256
2022,8,207,250,300
2014,9,202.1,256,283
2022,5,207,250,278
2022,8,207,244,289
2022,8,207,244,289
2022,8,207,244,300
2020,6,178.7,244,289
2022,8,207,244,300
2021,6,227.3,244,289
2020,8,178.7,244,300
2020,6,178.7,244,289
2018,7,187.4,244,300
2020,6,178.7,244,300
2022,6,207,244,300
2015,6,202.7,244,294
2016,9,199.4,244,294
2017,8,165.3,256,278
2022,8,199.3,250,300
2014,9,172.5,256,283
2022,5,199.3,250,278
2022,8,199.3,244,289
2022,8,199.3,244,289
2022,8,199.3,244,300
2020,6,193,244,289
2022,8,199.3,244,300
2021,6,210.6,244,289
2020,8,193,244,300
2020,6,193,244,289
2018,7,212.5,244,300
2020,6,193,244,300
2022,6,199.3,244,300
2015,6,157.6,244,294
2017,8,234.8,256,278
2022,8,218.6,250,300
2014,9,196.9,256,283
2022,5,218.6,250,278
2022,8,218.6,244,289
2022,8,218.6,244,289
2022,8,218.6,244,300
2020,6,211.4,244,289
2022,8,218.6,244,300
2021,6,214.3,244,289
2020,8,211.4,244,300
2020,6,211.4,244,289
2018,7,238.2,244,300
2020,6,211.4,244,300
2022,6,218.6,244,300
2015,6,157.9,244,294
2017,8,194.4,256,278
2022,8,239.6,250,300
2014,9,236.4,256,283
2022,5,239.6,250,278
2022,8,239.6,244,289
2022,8,239.6,244,289
2022,8,239.6,244,300
2020,6,204.4,244,289
2022,8,239.6,244,300
2021,6,232,244,289
2020,8,204.4,244,300
2020,6,204.4,244,289
2018,7,235.5,244,300
2020,6,204.4,244,300
2022,6,239.6,244,300
2017,8,173.9,256,278
2022,8,224.1,250,300
2014,9,227.7,256,283
2022,5,224.1,250,278
2022,8,224.1,244,289
2022,8,224.1,244,289
2022,8,224.1,244,300
2020,6,216.3,244,289
2022,8,224.1,244,300
2021,6,228.3,244,289
2020,8,216.3,244,300
2020,6,216.3,244,289
2018,7,232.8,244,300
2020,6,216.3,244,300
2022,6,224.1,244,300
2017,8,177.1,256,278
2022,8,226.3,250,300
2014,9,224.7,256,283
2022,5,226.3,250,278
2022,8,226.3,244,289
2022,8,226.3,244,289
2022,8,226.3,244,300
2020,6,205.8,244,289
2022,8,226.3,244,300
2021,6,208.3,244,289
2020,8,205.8,244,300
2020,6,205.8,244,289
2018,7,224.7,244,300
2020,6,205.8,244,300
2022,6,226.3,244,300
2017,8,139.1,256,278
2022,8,239.1,250,300
2014,9,205.6,256,283
2022,5,239.1,250,278
2022,8,239.1,244,289
2022,8,239.1,244,289
2022,8,239.1,244,300
2020,6,161.9,244,289
2022,8,239.1,244,300
2021,6,214.8,244,289
2020,8,161.9,244,300
2020,6,161.9,244,289
2018,7,165,244,300
2020,6,161.9,244,300
2022,6,239.1,244,300
2017,8,198.9,256,278
2022,8,177,250,300
2014,9,175.8,256,283
2022,5,177,250,278
2022,8,177,244,289
2022,8,177,244,289
2022,8,177,244,300
2020,6,205.4,244,289
2022,8,177,244,300
2021,6,163.2,244,289
2020,8,205.4,244,300
2020,6,205.4,244,289
2018,7,224.3,244,300
2020,6,205.4,244,300
2022,6,177,244,300
2022,8,237.2,250,300
2014,9,200.5,256,283
2022,5,237.2,250,278
2022,8,237.2,244,289
2022,8,237.2,244,289
2022,8,237.2,244,300
2020,6,186.2,244,289
2022,8,237.2,244,300
2021,6,207.6,244,289
2020,8,186.2,244,300
2020,6,186.2,244,289
2018,7,202,244,300
2020,6,186.2,244,300
2022,6,237.2,244,300
2022,8,207.4,250,300
2014,9,198.8,256,283
2022,5,207.4,250,278
2022,8,207.4,244,289
2022,8,207.4,244,289
2022,8,207.4,244,300
2020,6,197.4,244,289
2022,8,207.4,244,300
2021,6,167.3,244,289
2020,8,197.4,244,300
2020,6,197.4,244,289
2018,7,200.2,244,300
2020,6,197.4,244,300
2022,6,207.4,244,300
2022,8,219.5,250,300
2014,9,195.4,256,283
2022,5,219.5,250,278
2022,8,219.5,244,289
2022,8,219.5,244,289
2022,8,219.5,244,300
2020,6,191.1,244,289
2022,8,219.5,244,300
2021,6,213.7,244,289
2020,8,191.1,244,300
2020,6,191.1,244,289
2018,7,209,244,300
2020,6,191.1,244,300
2022,6,219.5,244,300
2022,8,211.7,250,300
2014,9,191.4,256,283
2022,5,211.7,250,278
2022,8,211.7,244,289
2022,8,211.7,244,289
2022,8,211.7,244,300
2020,6,139.8,244,289
2022,8,211.7,244,300
2021,6,220.1,244,289
2020,8,139.8,244,300
2020,6,139.8,244,289
2018,7,156.8,244,300
2020,6,139.8,244,300
2022,6,211.7,244,300
2022,8,152.2,250,300
2014,9,207.8,256,283
2022,5,152.2,250,278
2022,8,152.2,244,289
2022,8,152.2,244,289
2022,8,152.2,244,300
2020,6,187.7,244,289
2022,8,152.2,244,300
2021,6,151.9,244,289
2020,8,187.7,244,300
2020,6,187.7,244,289
2018,7,204.1,244,300
2020,6,187.7,244,300
2022,6,152.2,244,300
2022,8,205.9,250,300
2014,9,201.4,256,283
2022,5,205.9,250,278
2022,8,205.9,244,289
2022,8,205.9,244,289
2022,8,205.9,244,300
2022,8,205.9,244,300
2021,6,189.2,244,289
2022,6,205.9,244,300
2020,6,167.7,250,272
2011,7,170.4,244,289
2020,6,167.7,244,289
2013,7,188.9,267,289
2021,6,204.5,244,300
2020,6,167.7,244,300
2016,8,155.1,244,300
2019,7,189.3,250,300
2015,6,144.4,250,300
2020,6,167.7,244,289
2013,7,160.5,244,294
2019,6,199.4,244,300
2019,9,199.4,244,300
2023,8,204.7,256,294
2010,7,150.8,244,272
2011,7,187.7,250,294
2019,9,199.4,244,300
2018,7,181.3,244,300
2013,6,160.5,244,300
2022,8,223.1,244,300
2020,6,202,250,272
2011,7,151.3,244,289
2020,6,202,244,289
2013,7,189.5,267,289
2021,6,200.8,244,300
2020,6,202,244,300
2016,8,200.1,244,300
2019,7,171.6,250,300
2015,6,160.4,250,300
2020,6,202,244,289
2013,7,139.8,244,294
2019,6,202.2,244,300
2019,9,202.2,244,300
2023,8,197.3,256,294
2010,7,191.5,244,272
2011,7,178.5,250,294
2019,9,202.2,244,300
2018,7,186,244,300
2013,6,139.8,244,300
2022,8,225,244,300
2020,6,202.3,250,272
2011,7,161.5,244,289
2020,6,202.3,244,289
2013,7,199.5,267,289
2021,6,222.8,244,300
2020,6,202.3,244,300
2016,8,187.5,244,300
2019,7,193,250,300
2015,6,157.9,250,300
2020,6,202.3,244,289
2013,7,180.6,244,294
2019,6,216.5,244,300
2019,9,216.5,244,300
2023,8,149,256,294
2010,7,173.4,244,272
2011,7,169.2,250,294
2019,9,216.5,244,300
2018,7,218.9,244,300
2013,6,180.6,244,300
2022,8,192.1,244,300
2020,6,208.5,250,272
2011,7,141.5,244,289
2020,6,208.5,244,289
2013,7,189.4,267,289
2021,6,202.6,244,300
2020,6,208.5,244,300
2016,8,168.9,244,300
2019,7,173.2,250,300
2015,6,159.6,250,300
2020,6,208.5,244,289
2013,7,173.6,244,294
2019,6,200.6,244,300
2019,9,200.6,244,300
2023,8,203.7,256,294
2010,7,194.8,244,272
2011,7,191.4,250,294
2019,9,200.6,244,300
2018,7,192.7,244,300
2013,6,173.6,244,300
2022,8,212.8,244,300
2020,6,189.2,250,272
2011,7,147.9,244,289
2020,6,189.2,244,289
2013,7,155.9,267,289
2021,6,186.6,244,300
2020,6,189.2,244,300
2016,8,143.4,244,300
2019,7,138.7,250,300
2015,6,185.5,250,300
2020,6,189.2,244,289
2013,7,143.8,244,294
2019,6,197.5,244,300
2019,9,197.5,244,300
2023,8,222.5,256,294
2010,7,191,244,272
2011,7,180,250,294
2019,9,197.5,244,300
2018,7,173.6,244,300
2013,6,143.8,244,300
2022,8,223.3,244,300
2020,6,191.2,250,272
2011,7,162.5,244,289
2020,6,191.2,244,289
2013,7,175.5,267,289
2021,6,197.2,244,300
2020,6,191.2,244,300
2016,8,207.9,244,300
2019,7,143.6,250,300
2015,6,144.4,250,300
2020,6,191.2,244,289
2013,7,143.5,244,294
2019,6,205.2,244,300
2019,9,205.2,244,300
2023,8,222.2,256,294
2010,7,170.7,244,272
2011,7,190.5,250,294
2019,9,205.2,244,300
2018,7,189.2,244,300
2013,6,143.5,244,300
2022,8,203.4,244,300
2020,6,217.1,250,272
2011,7,141.2,244,289
2020,6,217.1,244,289
2013,7,188.5,267,289
2021,6,212.6,244,300
2020,6,217.1,244,300
2016,8,180.1,244,300
2019,7,195.8,250,300
2015,6,151.1,250,300
2020,6,217.1,244,289
2013,7,153.1,244,294
2019,6,150.1,244,300
2019,9,150.1,244,300
2023,8,197.4,256,294
2010,7,182,244,272
2011,7,161.4,250,294
2019,9,150.1,244,300
2018,7,167.2,244,300
2013,6,153.1,244,300
2022,8,150.4,244,300
2020,6,179.5,250,272
2011,7,180.9,244,289
2020,6,179.5,244,289
2013,7,187.5,267,289
2021,6,206.8,244,300
2020,6,179.5,244,300
2016,8,172.9,244,300
2019,7,189.8,250,300
2015,6,191.2,250,300
2020,6,179.5,244,289
2013,7,155.3,244,294
2019,6,189.5,244,300
2019,9,189.5,244,300
2023,8,221.1,256,294
2010,7,164.4,244,272
2011,7,138.2,250,294
2019,9,189.5,244,300
2018,7,220.1,244,300
2013,6,155.3,244,300
2022,8,195.6,244,300
2020,6,180.9,250,272
2011,7,164.9,244,289
2020,6,180.9,244,289
2013,7,162,267,289
2021,6,189.9,244,300
2020,6,180.9,244,300
2016,8,180.9,244,300
2019,7,164.7,250,300
2015,6,194.6,250,300
2020,6,180.9,244,289
2013,7,151.3,244,294
2019,6,171.4,244,300
2019,9,171.4,244,300
2023,8,206.8,256,294
2010,7,201.7,244,272
2011,7,172.9,250,294
2019,9,171.4,244,300
2018,7,158.7,244,300
2013,6,151.3,244,300
2022,8,160.4,244,300
2020,6,195.2,250,272
2011,7,149.9,244,289
2020,6,195.2,244,289
2013,7,180.1,267,289
2021,6,192.9,244,300
2020,6,195.2,244,300
2016,8,154.3,244,300
2019,7,173.3,250,300
2015,6,181.6,250,300
2020,6,195.2,244,289
2013,7,137.7,244,294
2019,6,178.3,244,300
2019,9,178.3,244,300
2023,8,206.1,256,294
2010,7,182,244,272
2011,7,173.8,250,294
2019,9,178.3,244,300
2018,7,197.6,244,300
2013,6,137.7,244,300
2022,8,170.1,244,300
2020,6,195,250,272
2011,7,138.2,244,289
2020,6,195,244,289
2013,7,189.1,267,289
2021,6,220.4,244,300
2020,6,195,244,300
2016,8,185.4,244,300
2019,7,154.6,250,300
2015,6,161.2,250,300
2020,6,195,244,289
2013,7,172.6,244,294
2019,6,154.6,244,300
2019,9,154.6,244,300
2023,8,175,256,294
2010,7,163.7,244,272
2011,7,185,250,294
2019,9,154.6,244,300
2018,7,186.6,244,300
2013,6,172.6,244,300
2022,8,156.4,244,300
2020,6,218.5,250,272
2011,7,142.7,244,289
2020,6,218.5,244,289
2013,7,218.8,267,289
2021,6,212.6,244,300
2020,6,218.5,244,300
2016,8,208.7,244,300
2019,7,196,250,300
2015,6,170.7,250,300
2020,6,218.5,244,289
2013,7,137.7,244,294
2019,6,158.6,244,300
2019,9,158.6,244,300
2023,8,217.9,256,294
2010,7,195.5,244,272
2011,7,181.8,250,294
2019,9,158.6,244,300
2018,7,155.4,244,300
2013,6,137.7,244,300
2022,8,143.7,244,300
2020,6,234.4,250,272
2011,7,160.2,244,289
2020,6,234.4,244,289
2013,7,203.7,267,289
2021,6,240.3,244,300
2020,6,234.4,244,300
2016,8,199,244,300
2019,7,187.4,250,300
2015,6,173.6,250,300
2020,6,234.4,244,289
2013,7,199.2,244,294
2019,6,145,244,300
2019,9,145,244,300
2023,8,198.8,256,294
2010,7,155,244,272
2011,7,189,250,294
2019,9,145,244,300
2018,7,172.8,244,300
2013,6,199.2,244,300
2022,8,171.8,244,300
2020,6,219.2,250,272
2011,7,153.3,244,289
2020,6,219.2,244,289
2013,7,200.4,267,289
2021,6,208.2,244,300
2020,6,219.2,244,300
2016,8,159.7,244,300
2019,7,179,250,300
2015,6,177.6,250,300
2020,6,219.2,244,289
2013,7,177.6,244,294
2019,6,212.2,244,300
2019,9,212.2,244,300
2023,8,209.2,256,294
2010,7,168.1,244,272
2011,7,181.2,250,294
2019,9,212.2,244,300
2018,7,234.6,244,300
2013,6,177.6,244,300
2022,8,228.8,244,300
2020,6,196.1,250,272
2011,7,148,244,289
2020,6,196.1,244,289
2013,7,154.5,267,289
2021,6,217.8,244,300
2020,6,196.1,244,300
2016,8,145.4,244,300
2019,7,163.5,250,300
2015,6,169.4,250,300
2020,6,196.1,244,289
2013,7,177.1,244,294
2019,6,209,244,300
2019,9,209,244,300
2023,8,229.6,256,294
2010,7,174.3,244,272
2011,7,178.4,250,294
2019,9,209,244,300
2018,7,197.5,244,300
2013,6,177.1,244,300
2022,8,214.9,244,300
2020,6,139,250,272
2011,7,151.8,244,289
2020,6,139,244,289
2013,7,160.2,267,289
2021,6,174.9,244,300
2020,6,139,244,300
2016,8,146,244,300
2019,7,155.9,250,300
2015,6,142,250,300
2020,6,139,244,289
2013,7,148.8,244,294
2019,6,210.3,244,300
2019,9,210.3,244,300
2023,8,223.3,256,294
2010,7,189.8,244,272
2011,7,164.7,250,294
2019,9,210.3,244,300
2018,7,222.2,244,300
2013,6,148.8,244,300
2022,8,192.5,244,300
2020,6,191.1,250,272
2011,7,145,244,289
2020,6,191.1,244,289
2013,7,145.9,267,289
2021,6,148.2,244,300
2020,6,191.1,244,300
2016,8,169,244,300
2019,7,163.3,250,300
2015,6,153.2,250,300
2020,6,191.1,244,289
2013,7,158.6,244,294
2019,6,228.8,244,300
2019,9,228.8,244,300
2023,8,194.5,256,294
2010,7,169.6,244,272
2011,7,155.6,250,294
2019,9,228.8,244,300
2018,7,191,244,300
2013,6,158.6,244,300
2022,8,223.5,244,300
2020,6,200.4,250,272
2011,7,163.5,244,289
2020,6,200.4,244,289
2013,7,191,267,289
2021,6,202.2,244,300
2020,6,200.4,244,300
2016,8,149.9,244,300
2019,7,171,250,300
2015,6,185.9,250,300
2020,6,200.4,244,289
2013,7,188.8,244,294
2019,6,196.8,244,300
2019,9,196.8,244,300
2023,8,226.4,256,294
2010,7,151.7,244,272
2011,7,186.6,250,294
2019,9,196.8,244,300
2018,7,229,244,300
2013,6,188.8,244,300
2022,8,238.1,244,300
2020,6,189.3,250,272
2011,7,168.7,244,289
2020,6,189.3,244,289
2013,7,191.1,267,289
2021,6,180.1,244,300
2020,6,189.3,244,300
2016,8,153.7,244,300
2019,7,163.3,250,300
2015,6,174.8,250,300
2020,6,189.3,244,289
2013,7,141,244,294
2019,6,225.5,244,300
2019,9,225.5,244,300
2023,8,206.6,256,294
2010,7,197.6,244,272
2011,7,169.6,250,294
2019,9,225.5,244,300
2018,7,225.5,244,300
2013,6,141,244,300
2022,8,227,244,300
2020,6,170.6,250,272
2011,7,139.3,244,289
2020,6,170.6,244,289
2013,7,163.5,267,289
2021,6,160.3,244,300
2020,6,170.6,244,300
2016,8,184.5,244,300
2019,7,190.6,250,300
2015,6,139.3,250,300
2020,6,170.6,244,289
2013,7,158.6,244,294
2019,6,141.1,244,300
2019,9,141.1,244,300
2023,8,191.4,256,294
2010,7,193.1,244,272
2011,7,167.3,250,294
2019,9,141.1,244,300
2018,7,150.8,244,300
2013,6,158.6,244,300
2022,8,154.4,244,300
2020,6,212.9,250,272
2011,7,146.9,244,289
2020,6,212.9,244,289
2013,7,175.6,267,289
2021,6,189.1,244,300
2020,6,212.9,244,300
2016,8,158.8,244,300
2019,7,166.9,250,300
2015,6,157.5,250,300
2020,6,212.9,244,289
2013,7,189.7,244,294
2019,6,198.4,244,300
2019,9,198.4,244,300
2023,8,216.6,256,294
2010,7,137.7,244,272
2011,7,139.7,250,294
2019,9,198.4,244,300
2018,7,224.5,244,300
2013,6,189.7,244,300
2022,8,199.5,244,300
2020,6,200.2,250,272
2011,7,164.3,244,289
2020,6,200.2,244,289
2013,7,200.5,267,289
2021,6,197.8,244,300
2020,6,200.2,244,300
2016,8,171.2,244,300
2019,7,179.6,250,300
2015,6,192.3,250,300
2020,6,200.2,244,289
2013,7,168,244,294
2019,6,199.8,244,300
2019,9,199.8,244,300
2023,8,209.1,256,294
2010,7,160.2,244,272
2011,7,186.6,250,294
2019,9,199.8,244,300
2018,7,196.5,244,300
2013,6,168,244,300
2022,8,202,244,300
2020,6,210.4,250,272
2011,7,168.7,244,289
2020,6,210.4,244,289
2013,7,174.6,267,289
2021,6,172.7,244,300
2020,6,210.4,244,300
2016,8,171.2,244,300
2019,7,151.8,250,300
2015,6,153,250,300
2020,6,210.4,244,289
2013,7,146.8,244,294
2019,6,199.4,244,300
2019,9,199.4,244,300
2023,8,213.3,256,294
2010,7,174.4,244,272
2011,7,187,250,294
2019,9,199.4,244,300
2018,7,186.1,244,300
2013,6,146.8,244,300
2022,8,196.1,244,300
2020,6,189.7,250,272
2011,7,150.7,244,289
2020,6,189.7,244,289
2013,7,180.9,267,289
2021,6,218.2,244,300
2020,6,189.7,244,300
2016,8,160.9,244,300
2019,7,174.5,250,300
2015,6,149.1,250,300
2020,6,189.7,244,289
2013,7,182.4,244,294
2019,6,193,244,300
2019,9,193,244,300
2023,8,226.6,256,294
2010,7,191.8,244,272
2011,7,169.2,250,294
2019,9,193,244,300
2018,7,173.2,244,300
2013,6,182.4,244,300
2022,8,204,244,300
2020,6,165.3,250,272
2011,7,143.3,244,289
2020,6,165.3,244,289
2013,7,188.1,267,289
2021,6,210.9,244,300
2020,6,165.3,244,300
2016,8,151.5,244,300
2019,7,183.8,250,300
2015,6,151.2,250,300
2020,6,165.3,244,289
2013,7,194.8,244,294
2019,6,219.9,244,300
2019,9,219.9,244,300
2023,8,212.2,256,294
2010,7,157.6,244,272
2011,7,152.5,250,294
2019,9,219.9,244,300
2018,7,224.7,244,300
2013,6,194.8,244,300
2022,8,173.3,244,300
2020,6,204.4,250,272
2011,7,160.2,244,289
2020,6,204.4,244,289
2013,7,163.6,267,289
2021,6,178.5,244,300
2020,6,204.4,244,300
2016,8,180.3,244,300
2019,7,138.7,250,300
2015,6,158.9,250,300
2020,6,204.4,244,289
2013,7,155.8,244,294
2019,6,195,244,300
2019,9,195,244,300
2023,8,220.9,256,294
2010,7,189.1,244,272
2011,7,169.1,250,294
2019,9,195,244,300
2018,7,161.9,244,300
2013,6,155.8,244,300
2022,8,204.2,244,300
2020,6,180.6,250,272
2011,7,163.8,244,289
2020,6,180.6,244,289
2013,7,198.6,267,289
2021,6,217.3,244,300
2020,6,180.6,244,300
2016,8,154.9,244,300
2019,7,181.4,250,300
2015,6,146,250,300
2020,6,180.6,244,289
2013,7,168.4,244,294
2019,6,183.8,244,300
2019,9,183.8,244,300
2023,8,212,256,294
2010,7,200.1,244,272
2011,7,183.5,250,294
2019,9,183.8,244,300
2018,7,196.2,244,300
2013,6,168.4,244,300
2022,8,176.3,244,300
2020,6,190,250,272
2011,7,159.7,244,289
2020,6,190,244,289
2013,7,184.9,267,289
2021,6,192.7,244,300
2020,6,190,244,300
2016,8,186.7,244,300
2019,7,142.4,250,300
2015,6,173.3,250,300
2020,6,190,244,289
2013,7,190,244,294
2019,6,185.9,244,300
2019,9,185.9,244,300
2023,8,211.1,256,294
2010,7,173.1,244,272
2011,7,145.2,250,294
2019,9,185.9,244,300
2018,7,185,244,300
2013,6,190,244,300
2022,8,214.2,244,300
2020,6,184.7,250,272
2011,7,167.7,244,289
2020,6,184.7,244,289
2013,7,169.6,267,289
2021,6,198.1,244,300
2020,6,184.7,244,300
2016,8,168.1,244,300
2019,7,173.9,250,300
2015,6,165.3,250,300
2020,6,184.7,244,289
2013,7,162,244,294
2019,6,207.3,244,300
2019,9,207.3,244,300
2023,8,234,256,294
2010,7,186.3,244,272
2011,7,167.8,250,294
2019,9,207.3,244,300
2018,7,199.2,244,300
2013,6,162,244,300
2022,8,207.5,244,300
2020,6,193.6,250,272
2011,7,149,244,289
2020,6,193.6,244,289
2013,7,168.9,267,289
2021,6,186.1,244,300
2020,6,193.6,244,300
2016,8,155.4,244,300
2019,7,182.9,250,300
2015,6,166,250,300
2020,6,193.6,244,289
2013,7,177.8,244,294
2019,6,183.5,244,300
2019,9,183.5,244,300
2023,8,224.1,256,294
2010,7,172,244,272
2011,7,141,250,294
2019,9,183.5,244,300
2018,7,216.4,244,300
2013,6,177.8,244,300
2022,8,226.1,244,300
2020,6,186.9,250,272
2011,7,153.9,244,289
2020,6,186.9,244,289
2013,7,182.5,267,289
2021,6,199,244,300
2020,6,186.9,244,300
2016,8,142.7,244,300
2019,7,156.9,250,300
2015,6,168,250,300
2020,6,186.9,244,289
2013,7,171.7,244,294
2019,6,201,244,300
2019,9,201,244,300
2023,8,209.1,256,294
2010,7,152.9,244,272
2011,7,162.6,250,294
2019,9,201,244,300
2018,7,207.8,244,300
2013,6,171.7,244,300
2022,8,199.6,244,300
2020,6,205.6,250,272
2011,7,158.3,244,289
2020,6,205.6,244,289
2013,7,161.1,267,289
2021,6,178.9,244,300
2020,6,205.6,244,300
2016,8,208.1,244,300
2019,7,188.7,250,300
2015,6,138.5,250,300
2020,6,205.6,244,289
2013,7,144,244,294
2019,6,153.3,244,300
2019,9,153.3,244,300
2023,8,191.4,256,294
2010,7,149.2,244,272
2011,7,139.1,250,294
2019,9,153.3,244,300
2018,7,151.8,244,300
2013,6,144,244,300
2022,8,148.3,244,300
2020,6,160,250,272
2011,7,160.4,244,289
2020,6,160,244,289
2013,7,182,267,289
2021,6,208.2,244,300
2020,6,160,244,300
2016,8,168.8,244,300
2019,7,170.4,250,300
2015,6,173.6,250,300
2020,6,160,244,289
2013,7,160.5,244,294
2019,6,206.1,244,300
2019,9,206.1,244,300
2023,8,179.1,256,294
2010,7,165.4,244,272
2011,7,188.3,250,294
2019,9,206.1,244,300
2018,7,212.3,244,300
2013,6,160.5,244,300
2022,8,170.7,244,300
2020,6,200.7,250,272
2011,7,139.7,244,289
2020,6,200.7,244,289
2013,7,168.3,267,289
2021,6,175.5,244,300
2020,6,200.7,244,300
2016,8,193.3,244,300
2019,7,155.6,250,300
2015,6,143.1,250,300
2020,6,200.7,244,289
2013,7,141.5,244,294
2019,6,204.3,244,300
2019,9,204.3,244,300
2023,8,169.8,256,294
2010,7,155.8,244,272
2011,7,151.9,250,294
2019,9,204.3,244,300
2018,7,188.3,244,300
2013,6,141.5,244,300
2022,8,231.3,244,300
2020,6,190.5,250,272
2011,7,171.5,244,289
2020,6,190.5,244,289
2013,7,171.3,267,289
2021,6,197,244,300
2020,6,190.5,244,300
2016,8,169.5,244,300
2019,7,154,250,300
2015,6,140.5,250,300
2020,6,190.5,244,289
2013,7,193.4,244,294
2019,6,206.9,244,300
2019,9,206.9,244,300
2023,8,210.6,256,294
2010,7,197.5,244,272
2011,7,178.1,250,294
2019,9,206.9,244,300
2018,7,201.2,244,300
2013,6,193.4,244,300
2022,8,194.6,244,300
2020,6,218.8,250,272
2011,7,153.9,244,289
2020,6,218.8,244,289
2013,7,181.4,267,289
2021,6,201.6,244,300
2020,6,218.8,244,300
2016,8,147.3,244,300
2019,7,159.6,250,300
2015,6,165.4,250,300
2020,6,218.8,244,289
2013,7,150.1,244,294
2019,6,219.4,244,300
2019,9,219.4,244,300
2023,8,231.9,256,294
2010,7,157.4,244,272
2011,7,179.5,250,294
2019,9,219.4,244,300
2018,7,233.8,244,300
2013,6,150.1,244,300
2022,8,233.1,244,300
2020,6,180.3,250,272
2011,7,145.9,244,289
2020,6,180.3,244,289
2013,7,180.7,267,289
2021,6,226.1,244,300
2020,6,180.3,244,300
2016,8,169.8,244,300
2019,7,167.1,250,300
2015,6,157.2,250,300
2020,6,180.3,244,289
2013,7,178.3,244,294
2019,6,177.2,244,300
2019,9,177.2,244,300
2023,8,205.9,256,294
2010,7,193.6,244,272
2011,7,157.8,250,294
2019,9,177.2,244,300
2018,7,185.7,244,300
2013,6,178.3,244,300
2022,8,178.3,244,300
2020,6,190.5,250,272
2011,7,158.2,244,289
2020,6,190.5,244,289
2013,7,179.6,267,289
2021,6,194.2,244,300
2020,6,190.5,244,300
2016,8,179.4,244,300
2019,7,158,250,300
2015,6,157.8,250,300
2020,6,190.5,244,289
2013,7,147.6,244,294
2019,6,188,244,300
2019,9,188,244,300
2023,8,219.5,256,294
2010,7,166.8,244,272
2011,7,178.4,250,294
2019,9,188,244,300
2018,7,207.2,244,300
2013,6,147.6,244,300
2022,8,193.6,244,300
2020,6,169.7,250,272
2011,7,139.7,244,289
2020,6,169.7,244,289
2013,7,172.3,267,289
2021,6,201,244,300
2020,6,169.7,244,300
2016,8,175.2,244,300
2019,7,181.1,250,300
2015,6,167.2,250,300
2020,6,169.7,244,289
2013,7,164.7,244,294
2019,6,180.8,244,300
2019,9,180.8,244,300
2023,8,207.9,256,294
2010,7,189,244,272
2011,7,176.1,250,294
2019,9,180.8,244,300
2018,7,159.6,244,300
2013,6,164.7,244,300
2022,8,162.3,244,300
2020,6,206.6,250,272
2011,7,158.2,244,289
2020,6,206.6,244,289
2013,7,180.7,267,289
2021,6,185.2,244,300
2020,6,206.6,244,300
2016,8,184.7,244,300
2019,7,158.8,250,300
2015,6,153.1,250,300
2020,6,206.6,244,289
2013,7,156.6,244,294
2019,6,188.4,244,300
2019,9,188.4,244,300
2023,8,205.9,256,294
2010,7,182.1,244,272
2011,7,170.6,250,294
2019,9,188.4,244,300
2018,7,207.5,244,300
2013,6,156.6,244,300
2022,8,201.3,244,300
2020,6,182.6,250,272
2011,7,149.6,244,289
2020,6,182.6,244,289
2013,7,154.4,267,289
2021,6,223.3,244,300
2020,6,182.6,244,300
2016,8,172.2,244,300
2019,7,169.6,250,300
2015,6,154.6,250,300
2020,6,182.6,244,289
2013,7,180.4,244,294
2019,6,137.7,244,300
2019,9,137.7,244,300
2023,8,183.2,256,294
2010,7,170.4,244,272
2011,7,181.2,250,294
2019,9,137.7,244,300
2018,7,139.1,244,300
2013,6,180.4,244,300
2022,8,208.8,244,300
2020,6,169.4,250,272
2011,7,157.4,244,289
2020,6,169.4,244,289
2013,7,182,267,289
2021,6,176.6,244,300
2020,6,169.4,244,300
2016,8,169.1,244,300
2019,7,159.6,250,300
2015,6,148.5,250,300
2020,6,169.4,244,289
2013,7,165.9,244,294
2019,6,166.9,244,300
2019,9,166.9,244,300
2023,8,211.1,256,294
2010,7,144,244,272
2011,7,181.6,250,294
2019,9,166.9,244,300
2018,7,198,244,300
2013,6,165.9,244,300
2022,8,223.7,244,300
2020,6,179.1,250,272
2011,7,146,244,289
2020,6,179.1,244,289
2013,7,162.3,267,289
2021,6,194.7,244,300
2020,6,179.1,244,300
2016,8,168.2,244,300
2019,7,171.9,250,300
2015,6,138.6,250,300
2020,6,179.1,244,289
2013,7,140.3,244,294
2019,6,211.1,244,300
2019,9,211.1,244,300
2023,8,169,256,294
2010,7,196.2,244,272
2011,7,186.3,250,294
2019,9,211.1,244,300
2018,7,228,244,300
2013,6,140.3,244,300
2022,8,178,244,300
2020,6,159.6,250,272
2011,7,164,244,289
2020,6,159.6,244,289
2013,7,172.7,267,289
2021,6,188.5,244,300
2020,6,159.6,244,300
2016,8,140.9,244,300
2019,7,187.4,250,300
2015,6,167.5,250,300
2020,6,159.6,244,289
2013,7,158.7,244,294
2019,6,171.4,244,300
2019,9,171.4,244,300
2023,8,208.7,256,294
2010,7,163.6,244,272
2011,7,190.1,250,294
2019,9,171.4,244,300
2018,7,192.7,244,300
2013,6,158.7,244,300
2022,8,221.7,244,300
2020,6,175.2,250,272
2011,7,158,244,289
2020,6,175.2,244,289
2013,7,177.5,267,289
2021,6,169.4,244,300
2020,6,175.2,244,300
2016,8,145.6,244,300
2019,7,188.4,250,300
2015,6,160.2,250,300
2020,6,175.2,244,289
2013,7,172.2,244,294
2019,6,201.3,244,300
2019,9,201.3,244,300
2023,8,226.6,256,294
2010,7,151.6,244,272
2011,7,188.7,250,294
2019,9,201.3,244,300
2018,7,181.5,244,300
2013,6,172.2,244,300
2022,8,173,244,300
2020,6,191.3,250,272
2011,7,149.5,244,289
2020,6,191.3,244,289
2013,7,165.6,267,289
2021,6,198.5,244,300
2020,6,191.3,244,300
2016,8,169.8,244,300
2019,7,173.3,250,300
2015,6,157.3,250,300
2020,6,191.3,244,289
2013,7,164,244,294
2019,6,182.6,244,300
2019,9,182.6,244,300
2023,8,229.1,256,294
2010,7,167.1,244,272
2011,7,169,250,294
2019,9,182.6,244,300
2018,7,219,244,300
2013,6,164,244,300
2022,8,232,244,300
2020,6,187.9,250,272
2011,7,176.8,244,289
2020,6,187.9,244,289
2013,7,182.8,267,289
2021,6,215.8,244,300
2020,6,187.9,244,300
2016,8,192.8,244,300
2019,7,183.7,250,300
2015,6,170.8,250,300
2020,6,187.9,244,289
2013,7,179.9,244,294
2019,6,201.4,244,300
2019,9,201.4,244,300
2023,8,183.9,256,294
2010,7,180.7,244,272
2011,7,189.2,250,294
2019,9,201.4,244,300
2018,7,225.1,244,300
2013,6,179.9,244,300
2022,8,217.3,244,300
2020,6,190.1,250,272
2011,7,147.6,244,289
2020,6,190.1,244,289
2013,7,150.9,267,289
2021,6,179.3,244,300
2020,6,190.1,244,300
2016,8,149.8,244,300
2019,7,143.8,250,300
2015,6,157.3,250,300
2020,6,190.1,244,289
2013,7,167.9,244,294
2019,6,185,244,300
2019,9,185,244,300
2023,8,207.2,256,294
2010,7,171.4,244,272
2011,7,178.8,250,294
2019,9,185,244,300
2018,7,212.2,244,300
2013,6,167.9,244,300
2022,8,160,244,300
2020,6,173.5,250,272
2011,7,149.8,244,289
2020,6,173.5,244,289
2013,7,144.5,267,289
2021,6,162.4,244,300
2020,6,173.5,244,300
2016,8,183.9,244,300
2019,7,142.8,250,300
2015,6,156.3,250,300
2020,6,173.5,244,289
2013,7,157.8,244,294
2019,6,169.9,244,300
2019,9,169.9,244,300
2023,8,206.2,256,294
2010,7,188.7,244,272
2011,7,183.9,250,294
2019,9,169.9,244,300
2018,7,201.6,244,300
2013,6,157.8,244,300
2022,8,208.6,244,300
2020,6,187.9,250,272
2011,7,169.2,244,289
2020,6,187.9,244,289
2013,7,166.7,267,289
2021,6,172.2,244,300
2020,6,187.9,244,300
2016,8,201.2,244,300
2019,7,162.2,250,300
2015,6,156.3,250,300
2020,6,187.9,244,289
2013,7,157.2,244,294
2019,6,218.3,244,300
2019,9,218.3,244,300
2023,8,234.2,256,294
2010,7,179.7,244,272
2011,7,168.8,250,294
2019,9,218.3,244,300
2018,7,225.1,244,300
2013,6,157.2,244,300
2022,8,227.2,244,300
2020,6,185.8,250,272
2011,7,173.8,244,289
2020,6,185.8,244,289
2013,7,172.1,267,289
2021,6,205.8,244,300
2020,6,185.8,244,300
2016,8,180.1,244,300
2019,7,186.7,250,300
2015,6,179.7,250,300
2020,6,185.8,244,289
2013,7,182.7,244,294
2019,6,188.2,244,300
2019,9,188.2,244,300
2023,8,202,256,294
2010,7,181.7,244,272
2011,7,200.5,250,294
2019,9,188.2,244,300
2018,7,213.9,244,300
2013,6,182.7,244,300
2022,8,211.4,244,300
2020,6,191,250,272
2011,7,162.5,244,289
2020,6,191,244,289
2013,7,159,267,289
2021,6,185.9,244,300
2020,6,191,244,300
2016,8,177,244,300
2019,7,166.2,250,300
2015,6,138.1,250,300
2020,6,191,244,289
2013,7,156,244,294
2019,6,192.6,244,300
2019,9,192.6,244,300
2023,8,211,256,294
2010,7,180.1,244,272
2011,7,186.8,250,294
2019,9,192.6,244,300
2018,7,222.8,244,300
2013,6,156,244,300
2022,8,230.2,244,300
2020,6,191.1,250,272
2011,7,175.1,244,289
2020,6,191.1,244,289
2013,7,199.1,267,289
2021,6,163.2,244,300
2020,6,191.1,244,300
2016,8,143.9,244,300
2019,7,169,250,300
2015,6,185.2,250,300
2020,6,191.1,244,289
2013,7,157.9,244,294
2019,6,233,244,300
2019,9,233,244,300
2023,8,198.9,256,294
2010,7,142.6,244,272
2011,7,188.4,250,294
2019,9,233,244,300
2018,7,235.9,244,300
2013,6,157.9,244,300
2022,8,207,244,300
2020,6,222,250,272
2011,7,156.4,244,289
2020,6,222,244,289
2013,7,198.2,267,289
2021,6,216.8,244,300
2020,6,222,244,300
2016,8,174.2,244,300
2019,7,140.5,250,300
2015,6,166.9,250,300
2020,6,222,244,289
2013,7,192.4,244,294
2019,6,210.5,244,300
2019,9,210.5,244,300
2023,8,203.6,256,294
2010,7,176.5,244,272
2011,7,183.7,250,294
2019,9,210.5,244,300
2018,7,177.7,244,300
2013,6,192.4,244,300
2022,8,225.5,244,300
2020,6,214.5,250,272
2020,6,214.5,244,289
2013,7,193.3,267,289
2021,6,231.7,244,300
2020,6,214.5,244,300
2016,8,172.5,244,300
2019,7,185.2,250,300
2015,6,180.1,250,300
2020,6,214.5,244,289
2013,7,173.3,244,294
2019,6,199.8,244,300
2019,9,199.8,244,300
2023,8,187,256,294
2010,7,172.2,244,272
2011,7,193.5,250,294
2019,9,199.8,244,300
2018,7,194,244,300
2013,6,173.3,244,300
2022,8,189.7,244,300
2020,6,212.8,250,272
2020,6,212.8,244,289
2013,7,186.4,267,289
2021,6,214,244,300
2020,6,212.8,244,300
2016,8,154.7,244,300
2019,7,180.3,250,300
2015,6,156.4,250,300
2020,6,212.8,244,289
2013,7,170.5,244,294
2019,6,173,244,300
2019,9,173,244,300
2023,8,209.6,256,294
2010,7,172.4,244,272
2011,7,174.4,250,294
2019,9,173,244,300
2018,7,201.2,244,300
2013,6,170.5,244,300
2022,8,170.3,244,300
2020,6,182.9,250,272
2020,6,182.9,244,289
2013,7,163.5,267,289
2021,6,216.9,244,300
2020,6,182.9,244,300
2016,8,181.5,244,300
2019,7,147.5,250,300
2015,6,164.6,250,300
2020,6,182.9,244,289
2013,7,162,244,294
2019,6,208.6,244,300
2019,9,208.6,244,300
2023,8,189.9,256,294
2010,7,176.1,244,272
2011,7,192.2,250,294
2019,9,208.6,244,300
2018,7,186.4,244,300
2013,6,162,244,300
2022,8,226.4,244,300
2020,6,195.9,250,272
2020,6,195.9,244,289
2013,7,176.7,267,289
2021,6,188.9,244,300
2020,6,195.9,244,300
2016,8,163.4,244,300
2019,7,151.8,250,300
2015,6,151.6,250,300
2020,6,195.9,244,289
2013,7,169.1,244,294
2019,6,204.7,244,300
2019,9,204.7,244,300
2023,8,223,256,294
2010,7,188.1,244,272
2011,7,166.9,250,294
2019,9,204.7,244,300
2018,7,225.8,244,300
2013,6,169.1,244,300
2022,8,222,244,300
2020,6,211.5,250,272
2020,6,211.5,244,289
2013,7,174.2,267,289
2021,6,187.2,244,300
2020,6,211.5,244,300
2016,8,170.7,244,300
2019,7,149.4,250,300
2015,6,189,250,300
2020,6,211.5,244,289
2013,7,165.6,244,294
2019,6,198.5,244,300
2019,9,198.5,244,300
2023,8,209.8,256,294
2010,7,191,244,272
2011,7,147.9,250,294
2019,9,198.5,244,300
2018,7,174.1,244,300
2013,6,165.6,244,300
2022,8,216.8,244,300
2020,6,172.4,250,272
2020,6,172.4,244,289
2013,7,141.7,267,289
2021,6,212,244,300
2020,6,172.4,244,300
2016,8,175.1,244,300
2019,7,167.6,250,300
2015,6,173.2,250,300
2020,6,172.4,244,289
2013,7,202.4,244,294
2019,6,203,244,300
2019,9,203,244,300
2023,8,222.4,256,294
2010,7,180.2,244,272
2011,7,191.8,250,294
2019,9,203,244,300
2018,7,199.7,244,300
2013,6,202.4,244,300
2022,8,194.2,244,300
2020,6,197.6,250,272
2020,6,197.6,244,289
2013,7,181.3,267,289
2021,6,193.8,244,300
2020,6,197.6,244,300
2016,8,194.3,244,300
2019,7,176.5,250,300
2015,6,162.8,250,300
2020,6,197.6,244,289
2013,7,166,244,294
2019,6,199.3,244,300
2019,9,199.3,244,300
2023,8,204.9,256,294
2010,7,174.3,244,272
2011,7,166.8,250,294
2019,9,199.3,244,300
2018,7,197,244,300
2013,6,166,244,300
2022,8,236.7,244,300
2020,6,204.8,250,272
2020,6,204.8,244,289
2013,7,193.5,267,289
2021,6,219.1,244,300
2020,6,204.8,244,300
2016,8,177.6,244,300
2019,7,137.9,250,300
2015,6,162.8,250,300
2020,6,204.8,244,289
2013,7,168,244,294
2019,6,224.9,244,300
2019,9,224.9,244,300
2023,8,221,256,294
2010,7,156,244,272
2011,7,190.9,250,294
2019,9,224.9,244,300
2018,7,239.9,244,300
2013,6,168,244,300
2022,8,208,244,300
2020,6,175.6,250,272
2020,6,175.6,244,289
2013,7,177.9,267,289
2021,6,220.8,244,300
2020,6,175.6,244,300
2016,8,145.6,244,300
2019,7,190.9,250,300
2015,6,175.5,250,300
2020,6,175.6,244,289
2013,7,173.8,244,294
2019,6,211.6,244,300
2019,9,211.6,244,300
2023,8,225,256,294
2010,7,187.8,244,272
2011,7,186.6,250,294
2019,9,211.6,244,300
2018,7,205.7,244,300
2013,6,173.8,244,300
2022,8,192.2,244,300
2020,6,192.9,250,272
2020,6,192.9,244,289
2013,7,189.6,267,289
2021,6,191.9,244,300
2020,6,192.9,244,300
2016,8,145.8,244,300
2019,7,148.7,250,300
2015,6,142,250,300
2020,6,192.9,244,289
2013,7,148.5,244,294
2019,6,193,244,300
2019,9,193,244,300
2023,8,210.7,256,294
2010,7,177,244,272
2011,7,190,250,294
2019,9,193,244,300
2018,7,207,244,300
2013,6,148.5,244,300
2022,8,222.5,244,300
2020,6,213.6,250,272
2020,6,213.6,244,289
2013,7,199.9,267,289
2021,6,180.3,244,300
2020,6,213.6,244,300
2016,8,172.6,244,300
2019,7,180.9,250,300
2015,6,162,250,300
2020,6,213.6,244,289
2013,7,158.9,244,294
2019,6,202.6,244,300
2019,9,202.6,244,300
2023,8,211.1,256,294
2010,7,176.7,244,272
2011,7,179,250,294
2019,9,202.6,244,300
2018,7,207.8,244,300
2013,6,158.9,244,300
2022,8,217,244,300
2020,6,203,250,272
2020,6,203,244,289
2013,7,189.6,267,289
2021,6,204.2,244,300
2020,6,203,244,300
2016,8,152.5,244,300
2019,7,196,250,300
2015,6,149,250,300
2020,6,203,244,289
2013,7,181.2,244,294
2019,6,202.2,244,300
2019,9,202.2,244,300
2023,8,192.4,256,294
2010,7,182.3,244,272
2011,7,195.3,250,294
2019,9,202.2,244,300
2018,7,183.7,244,300
2013,6,181.2,244,300
2022,8,218.8,244,300
2020,6,175.3,250,272
2020,6,175.3,244,289
2013,7,175.4,267,289
2021,6,194.8,244,300
2020,6,175.3,244,300
2016,8,183,244,300
2019,7,172.6,250,300
2015,6,162.6,250,300
2020,6,175.3,244,289
2013,7,178,244,294
2019,6,211.5,244,300
2019,9,211.5,244,300
2023,8,202.2,256,294
2010,7,173.1,244,272
2011,7,182.5,250,294
2019,9,211.5,244,300
2018,7,208.1,244,300
2013,6,178,244,300
2022,8,230.2,244,300
2020,6,201.5,250,272
2020,6,201.5,244,289
2013,7,196.3,267,289
2021,6,176.6,244,300
2020,6,201.5,244,300
2016,8,164.7,244,300
2019,7,168.8,250,300
2015,6,169.6,250,300
2020,6,201.5,244,289
2013,7,166.8,244,294
2019,6,189.5,244,300
2019,9,189.5,244,300
2023,8,229.6,256,294
2010,7,178.2,244,272
2011,7,172,250,294
2019,9,189.5,244,300
2018,7,159,244,300
2013,6,166.8,244,300
2022,8,233.7,244,300
2020,6,196,250,272
2020,6,196,244,289
2013,7,180.9,267,289
2021,6,208,244,300
2020,6,196,244,300
2016,8,195.2,244,300
2019,7,186.8,250,300
2020,6,196,244,289
2013,7,170.3,244,294
2019,6,214.5,244,300
2019,9,214.5,244,300
2023,8,211.4,256,294
2010,7,157.8,244,272
2011,7,193.4,250,294
2019,9,214.5,244,300
2018,7,222.2,244,300
2013,6,170.3,244,300
2022,8,215.3,244,300
2020,6,217.4,250,272
2020,6,217.4,244,289
2013,7,159.9,267,289
2021,6,211.7,244,300
2020,6,217.4,244,300
2016,8,170.4,244,300
2019,7,144.4,250,300
2020,6,217.4,244,289
2013,7,182.2,244,294
2019,6,177.6,244,300
2019,9,177.6,244,300
2023,8,201.5,256,294
2010,7,171.5,244,272
2011,7,177.3,250,294
2019,9,177.6,244,300
2018,7,162.5,244,300
2013,6,182.2,244,300
2022,8,222.6,244,300
2020,6,197.3,250,272
2020,6,197.3,244,289
2013,7,203.1,267,289
2021,6,178.8,244,300
2020,6,197.3,244,300
2016,8,140.7,244,300
2019,7,191.4,250,300
2020,6,197.3,244,289
2013,7,168.6,244,294
2019,6,178.6,244,300
2019,9,178.6,244,300
2023,8,233,256,294
2010,7,184.9,244,272
2011,7,188.9,250,294
2019,9,178.6,244,300
2018,7,207,244,300
2013,6,168.6,244,300
2022,8,236,244,300
2020,6,216.1,250,272
2020,6,216.1,244,289
2013,7,181.6,267,289
2021,6,194.8,244,300
2020,6,216.1,244,300
2016,8,184.4,244,300
2019,7,184.2,250,300
2020,6,216.1,244,289
2013,7,169.1,244,294
2019,6,217.1,244,300
2019,9,217.1,244,300
2023,8,199.9,256,294
2010,7,163.7,244,272
2011,7,187.4,250,294
2019,9,217.1,244,300
2018,7,225.5,244,300
2013,6,169.1,244,300
2022,8,152.9,244,300
2020,6,190.8,250,272
2020,6,190.8,244,289
2013,7,199.9,267,289
2021,6,219.5,244,300
2020,6,190.8,244,300
2016,8,205.2,244,300
2020,6,190.8,244,289
2013,7,161.5,244,294
2019,6,144.5,244,300
2019,9,144.5,244,300
2023,8,196,256,294
2010,7,179.4,244,272
2011,7,182.8,250,294
2019,9,144.5,244,300
2018,7,157,244,300
2013,6,161.5,244,300
2022,8,193.3,244,300
2020,6,183,250,272
2020,6,183,244,289
2013,7,157.3,267,289
2021,6,220.7,244,300
2020,6,183,244,300
2016,8,188,244,300
2020,6,183,244,289
2013,7,141.5,244,294
2019,6,156.4,244,300
2019,9,156.4,244,300
2023,8,162.4,256,294
2010,7,143.2,244,272
2011,7,182.8,250,294
2019,9,156.4,244,300
2018,7,151.4,244,300
2013,6,141.5,244,300
2022,8,224,244,300
2020,6,197.9,250,272
2020,6,197.9,244,289
2013,7,163.4,267,289
2021,6,195,244,300
2020,6,197.9,244,300
2016,8,169.9,244,300
2020,6,197.9,244,289
2013,7,179.5,244,294
2019,6,208.8,244,300
2019,9,208.8,244,300
2023,8,221.3,256,294
2010,7,142.3,244,272
2011,7,194,250,294
2019,9,208.8,244,300
2018,7,186.6,244,300
2013,6,179.5,244,300
2022,8,232.2,244,300
2020,6,219.1,250,272
2020,6,219.1,244,289
2013,7,186.4,267,289
2021,6,194.6,244,300
2020,6,219.1,244,300
2016,8,215.8,244,300
2020,6,219.1,244,289
2013,7,156.8,244,294
2019,6,229.4,244,300
2019,9,229.4,244,300
2023,8,189.1,256,294
2011,7,202.7,250,294
2019,9,229.4,244,300
2018,7,223.4,244,300
2013,6,156.8,244,300
2022,8,221.6,244,300
2020,6,224.5,250,272
2020,6,224.5,244,289
2013,7,197.6,267,289
2021,6,201.3,244,300
2020,6,224.5,244,300
2016,8,175,244,300
2020,6,224.5,244,289
2013,7,170.5,244,294
2019,6,185.3,244,300
2019,9,185.3,244,300
2023,8,211.9,256,294
2011,7,182.8,250,294
2019,9,185.3,244,300
2018,7,218.2,244,300
2013,6,170.5,244,300
2022,8,195.5,244,300
2020,6,188.1,250,272
2020,6,188.1,244,289
2013,7,194.2,267,289
2021,6,215.3,244,300
2020,6,188.1,244,300
2016,8,158.2,244,300
2020,6,188.1,244,289
2013,7,184.5,244,294
2019,6,207,244,300
2019,9,207,244,300
2023,8,211.8,256,294
2011,7,190,250,294
2019,9,207,244,300
2018,7,207.5,244,300
2013,6,184.5,244,300
2022,8,225.4,244,300
2020,6,225.7,250,272
2020,6,225.7,244,289
2013,7,174.5,267,289
2021,6,219.8,244,300
2020,6,225.7,244,300
2016,8,173.6,244,300
2020,6,225.7,244,289
2013,7,154.6,244,294
2019,6,177.9,244,300
2019,9,177.9,244,300
2023,8,219.8,256,294
2011,7,174.4,250,294
2019,9,177.9,244,300
2018,7,164.2,244,300
2013,6,154.6,244,300
2022,8,198.5,244,300
2020,6,195.9,250,272
2020,6,195.9,244,289
2013,7,181.8,267,289
2021,6,209.6,244,300
2020,6,195.9,244,300
2020,6,195.9,244,289
2013,7,170.2,244,294
2019,6,148.2,244,300
2019,9,148.2,244,300
2023,8,205.9,256,294
2011,7,183.7,250,294
2019,9,148.2,244,300
2018,7,151.9,244,300
2013,6,170.2,244,300
2022,8,218.4,244,300
2020,6,171.5,250,272
2020,6,171.5,244,289
2013,7,187.6,267,289
2021,6,210.5,244,300
2020,6,171.5,244,300
2020,6,171.5,244,289
2013,7,170,244,294
2019,6,210.6,244,300
2019,9,210.6,244,300
2023,8,195.6,256,294
2011,7,179,250,294
2019,9,210.6,244,300
2018,7,197.2,244,300
2013,6,170,244,300
2022,8,233.3,244,300
2020,6,190.5,250,272
2020,6,190.5,244,289
2013,7,185.7,267,289
2021,6,181.6,244,300
2020,6,190.5,244,300
2020,6,190.5,244,289
2013,7,163.2,244,294
2019,6,221.9,244,300
2019,9,221.9,244,300
2023,8,213,256,294
2011,7,151.4,250,294
2019,9,221.9,244,300
2018,7,225.2,244,300
2013,6,163.2,244,300
2022,8,183.1,244,300
2013,7,189.3,267,289
2021,6,210.8,244,300
2013,7,167.1,244,294
2019,6,201.1,244,300
2019,9,201.1,244,300
2023,8,208.9,256,294
2011,7,160.4,250,294
2019,9,201.1,244,300
2018,7,174.7,244,300
2013,6,167.1,244,300
2022,8,219.2,244,300
2021,6,224.1,244,300
2013,7,146.2,244,294
2019,6,201.1,244,300
2019,9,201.1,244,300
2023,8,226.1,256,294
2019,9,201.1,244,300
2018,7,230.4,244,300
2013,6,146.2,244,300
2022,8,205.4,244,300
2019,6,206.4,244,300
2019,9,206.4,244,300
2023,8,219.6,256,294
2019,9,206.4,244,300
2018,7,170.6,244,300
2022,8,214.9,244,300
2019,6,230.8,244,300
2019,9,230.8,244,300
2023,8,202.4,256,294
2019,9,230.8,244,300
2018,7,216.5,244,300
2022,8,205,244,300
2019,6,205.9,244,300
2019,9,205.9,244,300
2023,8,211.6,256,294
2019,9,205.9,244,300
2018,7,201.2,244,300
2022,8,219.4,244,300
2019,6,211.8,244,300
2019,9,211.8,244,300
2023,8,179.2,256,294
2019,9,211.8,244,300
2018,7,217.1,244,300
2022,8,224.6,244,300
2019,6,192.4,244,300
2019,9,192.4,244,300
2023,8,216,256,294
2019,9,192.4,244,300
2018,7,202.3,244,300
2022,8,212.2,244,300
2019,6,208.5,244,300
2019,9,208.5,244,300
2023,8,197.7,256,294
2019,9,208.5,244,300
2018,7,218.9,244,300
2022,8,214.7,244,300
2019,6,219.7,244,300
2019,9,219.7,244,300
2023,8,203.3,256,294
2019,9,219.7,244,300
2018,7,219.5,244,300
2022,8,227.6,244,300
2019,6,204.2,244,300
2019,9,204.2,244,300
2023,8,237.6,256,294
2019,9,204.2,244,300
2018,7,197.5,244,300
2022,8,210.5,244,300
2019,6,204.6,244,300
2019,9,204.6,244,300
2023,8,173.1,256,294
2019,9,204.6,244,300
2018,7,224.6,244,300
2022,8,153.1,244,300
2019,6,215,244,300
2019,9,215,244,300
2023,8,192.2,256,294
2019,9,215,244,300
2018,7,235,244,300
2022,8,215.2,244,300
2019,6,225.3,244,300
2019,9,225.3,244,300
2023,8,203.9,256,294
2019,9,225.3,244,300
2018,7,208.8,244,300
2022,8,157.6,244,300
2019,6,163.2,244,300
2019,9,163.2,244,300
2023,8,185.9,256,294
2019,9,163.2,244,300
2018,7,141.5,244,300
2022,8,155.3,244,300
2019,6,192.7,244,300
2019,9,192.7,244,300
2023,8,194.2,256,294
2019,9,192.7,244,300
2018,7,193.5,244,300
2019,6,171.6,244,300
2019,9,171.6,244,300
2023,8,209.3,256,294
2019,9,171.6,244,300
2018,7,173.2,244,300
2019,6,177.5,244,300
2019,9,177.5,244,300
2023,8,211.4,256,294
2019,9,177.5,244,300
2018,7,142.3,244,300
